field,type,class_or_sign,front_snr,side_snr,local_region,local_snr,detection_rate,detection_rate_128,monotonicity,probe_accuracy,strength_correlation,worst_group_detection,base_count,alias_group,final_tier,recommended_strategy,recommended_weight,recommended_visibility_threshold,decision_status
face_detail_cheek_def,categorical,cheek_def_01,0.915283255811011,0.9130317165815224,cheeks,1.3651260142646213,0.7058823529411765,0.35294117647058826,1.0,,1.0,0.8445360620207837,17,,B,local_region_head,0.765,256,provisional_no_probe_exposure_normalized
face_detail_cheek_def,categorical,cheek_def_02,0.648378475465152,0.632557808098574,cheeks,1.308648575907081,0.8235294117647058,0.35294117647058826,1.0,,1.0,0.718976984058186,17,,B,local_region_head,0.765,255,provisional_no_probe_exposure_normalized
face_detail_cheek_fat,categorical,cheek_fat_01_neg,0.704421260022046,0.678418758252606,cheeks,1.3134882980046694,0.9411764705882353,0.4117647058823529,1.0,,1.0,0.9510469114542941,17,,A,independent_prediction,0.988,255,provisional_no_probe_exposure_normalized
face_detail_cheek_fat,categorical,cheek_fat_01_pos,0.8836897484663949,0.7841137996758909,cheeks,1.3419778915905667,1.0,0.47058823529411764,1.0,,1.0,1.0491852399209827,17,,A,independent_prediction,0.988,255,provisional_no_probe_exposure_normalized
face_detail_cheek_fat,categorical,cheek_fat_02_pos,0.9099785092500203,0.833117058596713,cheeks,1.4553835130870365,1.0,0.47058823529411764,1.0,,1.0,1.0106376179613306,17,,A,independent_prediction,0.988,255,provisional_no_probe_exposure_normalized
face_detail_cheek_fat,categorical,cheek_fat_03_pos,1.0140476897118393,0.9546671610260726,cheeks,1.6741042040270955,1.0,0.5294117647058824,1.0,,1.0,1.0996046339381216,17,,A,independent_prediction,0.988,255,provisional_no_probe_exposure_normalized
face_detail_cheek_fat,categorical,cheek_fat_04_pos,0.9936953893233508,0.9998244055245783,cheeks,1.739569790692175,1.0,0.5294117647058824,1.0,,1.0,1.0601024673026904,17,,A,independent_prediction,0.988,255,provisional_no_probe_exposure_normalized
face_detail_chin_cleft,categorical,chin_cleft,0.6992538483030771,0.6611728228970662,chin,0.8638748406907732,0.4117647058823529,0.35294117647058826,1.0,,1.0,0.13809593796548572,17,,C,conditioned_local_head,0.412,256,provisional_no_probe_exposure_normalized
face_detail_chin_cleft,categorical,chin_dimple,0.6429664506195086,0.6225510961065838,chin,0.7960200716325098,0.4117647058823529,0.35294117647058826,1.0,,1.0,0.15830851313697267,17,,C,conditioned_local_head,0.412,256,provisional_no_probe_exposure_normalized
face_detail_chin_def,categorical,chin_def,0.65712736328522,0.6127951962770521,chin,0.7579354054955846,0.4117647058823529,0.35294117647058826,1.0,,1.0,0.17116121377890417,17,,C,conditioned_local_head,0.412,256,provisional_no_probe_exposure_normalized
face_detail_chin_def,categorical,chin_def_neg,0.6670491397325503,0.5923975048301625,chin,0.8601493502774381,0.4117647058823529,0.35294117647058826,1.0,,1.0,0.31776347361931556,17,,C,conditioned_local_head,0.412,256,provisional_no_probe_exposure_normalized
face_detail_eye_lower_lid_def,categorical,eye_lower_lid_def,0.20277584320302983,0.0921447919440679,eyes,0.7199205156210753,0.35294117647058826,0.35294117647058826,1.0,,1.0,0.3378481105062014,17,,C,conditioned_local_head,0.441,256,provisional_no_probe_exposure_normalized
face_detail_eye_lower_lid_def,categorical,eye_lower_lid_def_02,0.6010752487872566,0.5210159248679579,eyes,1.017551961903048,0.5294117647058824,0.35294117647058826,1.0,,1.0,0.5577472217346207,17,,C,conditioned_local_head,0.441,256,provisional_no_probe_exposure_normalized
face_detail_eye_socket,categorical,eye_socket_01,0.7179089236203074,0.6324708105509084,eyes,1.269694862317652,0.6470588235294118,0.35294117647058826,1.0,,1.0,0.7170651187366106,17,eye_socket_01=eye_socket_color_01;eye_socket_02=eye_socket_color_02;eye_socket_03=eye_socket_color_03,D,group_similar_classes_plus_strength,0.588,256,provisional_no_probe_exposure_normalized
face_detail_eye_socket,categorical,eye_socket_02,0.6135787024042941,0.5273006151549797,eyes,1.1240292885874803,0.6470588235294118,0.35294117647058826,1.0,,1.0,0.708967883990861,17,eye_socket_01=eye_socket_color_01;eye_socket_02=eye_socket_color_02;eye_socket_03=eye_socket_color_03,D,group_similar_classes_plus_strength,0.588,256,provisional_no_probe_exposure_normalized
face_detail_eye_socket,categorical,eye_socket_03,0.540821376918288,0.45793166298968724,eyes,1.0392564906596917,0.5294117647058824,0.35294117647058826,1.0,,1.0,0.608675851649761,17,eye_socket_01=eye_socket_color_01;eye_socket_02=eye_socket_color_02;eye_socket_03=eye_socket_color_03,D,group_similar_classes_plus_strength,0.588,256,provisional_no_probe_exposure_normalized
face_detail_eye_socket,categorical,eye_socket_color_01,0.6128057609460074,0.5175886741609118,eyes,1.205903193056016,0.6470588235294118,0.4117647058823529,1.0,,1.0,0.7228651588014002,17,eye_socket_01=eye_socket_color_01;eye_socket_02=eye_socket_color_02;eye_socket_03=eye_socket_color_03,D,group_similar_classes_plus_strength,0.588,256,provisional_no_probe_exposure_normalized
face_detail_eye_socket,categorical,eye_socket_color_02,0.5872663326681917,0.5007416680116169,eyes,1.2716767755378138,0.6470588235294118,0.4117647058823529,1.0,,1.0,0.7279711157006772,17,eye_socket_01=eye_socket_color_01;eye_socket_02=eye_socket_color_02;eye_socket_03=eye_socket_color_03,D,group_similar_classes_plus_strength,0.588,256,provisional_no_probe_exposure_normalized
face_detail_eye_socket,categorical,eye_socket_color_03,0.3059097261379149,0.17720069758935517,eyes,0.9272778703505702,0.4117647058823529,0.35294117647058826,1.0,,1.0,0.693496111975145,17,eye_socket_01=eye_socket_color_01;eye_socket_02=eye_socket_color_02;eye_socket_03=eye_socket_color_03,D,group_similar_classes_plus_strength,0.588,256,provisional_no_probe_exposure_normalized
face_detail_nasolabial,categorical,nasolabial_01,0.7797285570585146,0.6691946858865528,mouth,1.2183998256481898,0.9411764705882353,0.4117647058823529,1.0,,1.0,0.8985153410367088,17,,A,independent_prediction,0.912,255,provisional_no_probe_exposure_normalized
face_detail_nasolabial,categorical,nasolabial_02,0.6483626783323361,0.6232852419080261,mouth,1.2229543723625762,1.0,0.35294117647058826,1.0,,1.0,1.0532416566255594,17,,A,independent_prediction,0.912,255,provisional_no_probe_exposure_normalized
face_detail_nasolabial,categorical,nasolabial_03,0.6891111046163474,0.6856641614547904,mouth,1.3089519191683416,1.0,0.35294117647058826,1.0,,1.0,1.0364839374792918,17,,A,independent_prediction,0.912,255,provisional_no_probe_exposure_normalized
face_detail_nasolabial,categorical,nasolabial_04,0.28911423207475845,0.28973769634606467,mouth,1.0676149831250281,0.7058823529411765,0.4117647058823529,1.0,,1.0,0.815877088754305,17,,A,independent_prediction,0.912,256,provisional_no_probe_exposure_normalized
face_detail_nose_ridge_def,signed,negative,0.5502116948759775,0.434821171535046,nose,0.7942966795300532,0.35294117647058826,0.35294117647058826,1.0,,1.0,0.4037645914936515,17,,B,local_region_head,0.676,256,provisional_no_probe_exposure_normalized
face_detail_nose_ridge_def,signed,positive,0.8329527487032563,0.7802696507544951,nose,1.576860602171234,1.0,0.5882352941176471,1.0,,1.0,1.0871225049257804,17,,B,local_region_head,0.676,255,provisional_no_probe_exposure_normalized
face_detail_nose_tip_def,categorical,nose_tip_def,0.7234682492102196,0.6773871700499643,nose,1.109043879459317,0.5882352941176471,0.4117647058823529,1.0,,1.0,0.40518418227921477,17,,B,strength_only,0.588,256,provisional_no_probe_exposure_normalized
face_detail_temple_def,categorical,temple_def,0.8890020799780175,0.6632176546575813,cheeks,0.818844271919874,0.4117647058823529,0.35294117647058826,1.0,,1.0,0.20638511494272163,17,,C,strength_only,0.412,256,provisional_no_probe_exposure_normalized
gene_bs_cheek_forward,signed,negative,0.7117461695162594,0.8454348092699481,cheeks,1.5572400787173466,1.0,0.47058823529411764,1.0,,1.0,1.2321748389737768,17,,A,independent_prediction,1.0,255,provisional_no_probe_exposure_normalized
gene_bs_cheek_forward,signed,positive,0.8233917618398009,0.9106848864324402,cheeks,1.9148581999982897,1.0,0.7647058823529411,1.0,,1.0,1.4143679176256365,17,,A,independent_prediction,1.0,255,provisional_no_probe_exposure_normalized
gene_bs_cheek_height,signed,negative,0.6893630487395974,0.684759388260853,cheeks,1.425158350179992,1.0,0.5294117647058824,1.0,,1.0,1.0372465117134577,17,,A,independent_prediction,1.0,255,provisional_no_probe_exposure_normalized
gene_bs_cheek_height,signed,positive,0.8392305515444827,0.840573272974957,cheeks,1.5803774212427464,1.0,0.7058823529411765,1.0,,1.0,1.0372434367767944,17,,A,independent_prediction,1.0,255,provisional_no_probe_exposure_normalized
gene_bs_cheek_width,signed,negative,0.8291192514059381,0.610400713132352,cheeks,1.5399385905216671,1.0,0.5294117647058824,1.0,,1.0,1.1049101306105584,17,,A,independent_prediction,1.0,255,provisional_no_probe_exposure_normalized
gene_bs_cheek_width,signed,positive,0.8810428517924427,0.8155623417812036,cheeks,1.6975761843348367,1.0,0.5882352941176471,1.0,,1.0,1.0705395575048475,17,,A,independent_prediction,1.0,255,provisional_no_probe_exposure_normalized
gene_bs_ear_angle,signed,negative,0.9296502514658544,0.8060888155565954,ears,2.0322047887793744,1.0,0.7058823529411765,1.0,,1.0,1.1620073066093677,17,,A,independent_prediction,0.941,255,provisional_no_probe_exposure_normalized
gene_bs_ear_angle,signed,positive,0.8619485572474654,0.7347952655066633,ears,1.6802027986785484,0.8823529411764706,0.4117647058823529,1.0,,1.0,0.9270216682698204,17,,A,independent_prediction,0.941,255,provisional_no_probe_exposure_normalized
gene_bs_ear_bend,categorical,ear_both_bend_pos,0.8808540703948142,0.4071025024971896,ears,1.753689030135173,0.9411764705882353,0.6470588235294118,1.0,,1.0,0.8461260852283413,17,,B,local_region_head,0.765,255,provisional_no_probe_exposure_normalized
gene_bs_ear_bend,categorical,ear_lower_bend_pos,0.8724544604252847,0.7440604228891666,ears,1.5570663806186316,0.7647058823529411,0.5882352941176471,1.0,,1.0,0.5611018305963263,17,,B,local_region_head,0.765,256,provisional_no_probe_exposure_normalized
gene_bs_ear_bend,categorical,ear_upper_bend_pos,0.7692754081569204,0.6020197156693997,ears,1.052922048108934,0.5882352941176471,0.35294117647058826,1.0,,1.0,0.3843444873829435,17,,B,local_region_head,0.765,256,provisional_no_probe_exposure_normalized
gene_bs_ear_inner_shape,categorical,ear_inner_shape_pos,0.6482042075861674,0.5170898092023131,ears,0.9190860552400602,0.47058823529411764,0.35294117647058826,1.0,,1.0,0.4226445226527039,17,,C,strength_only,0.471,256,provisional_no_probe_exposure_normalized
gene_bs_ear_outward,signed,negative,0.7790954078684497,0.6040766255819018,ears,1.1519903605639845,0.5882352941176471,0.35294117647058826,1.0,,1.0,0.4319868019620101,17,,B,local_region_head,0.794,256,provisional_no_probe_exposure_normalized
gene_bs_ear_outward,signed,positive,1.2209249162140563,0.7392988463012564,ears,2.376089054304822,1.0,0.9411764705882353,1.0,,1.0,1.0310068730619286,17,,B,local_region_head,0.794,128,provisional_no_probe_exposure_normalized
gene_bs_ear_size,signed,negative,0.8186594550679663,0.7086811303038784,ears,1.6655722744716892,0.7647058823529411,0.5882352941176471,1.0,,1.0,0.7897150201158748,17,,A,independent_prediction,0.853,256,provisional_no_probe_exposure_normalized
gene_bs_ear_size,signed,positive,0.9524349585871548,0.7762275596384716,ears,1.7409311097388407,0.9411764705882353,0.5294117647058824,1.0,,1.0,0.7067362498768959,17,,A,independent_prediction,0.853,255,provisional_no_probe_exposure_normalized
gene_bs_eye_corner_depth,signed,negative,0.745506843526175,0.6741897951928307,eyes,1.5433391626189705,1.0,0.5294117647058824,1.0,,1.0,1.0838687898413168,17,,A,independent_prediction,0.853,255,provisional_no_probe_exposure_normalized
gene_bs_eye_corner_depth,signed,positive,0.8989744894825451,0.6940636359864533,eyes,1.5650983034422468,0.7058823529411765,0.47058823529411764,1.0,,1.0,0.8156210893776744,17,,A,independent_prediction,0.853,256,provisional_no_probe_exposure_normalized
gene_bs_eye_fold_shape,categorical,eye_fold_shape_02_neg,0.6869508476154802,0.6215608502370961,eyes,1.5550985511019224,0.8823529411764706,0.4117647058823529,1.0,,1.0,0.6040042097415986,17,,B,local_region_head,0.784,255,provisional_no_probe_exposure_normalized
gene_bs_eye_fold_shape,categorical,eye_fold_shape_neg,0.77996780789553,0.6860441115187452,eyes,1.4320763708816828,0.7647058823529411,0.4117647058823529,1.0,,1.0,0.7218527563666636,17,,B,local_region_head,0.784,256,provisional_no_probe_exposure_normalized
gene_bs_eye_fold_shape,categorical,eye_fold_shape_pos,0.8149850885711395,0.740985718070871,eyes,1.5822676347091085,0.7058823529411765,0.47058823529411764,1.0,,1.0,0.8175060499592036,17,,B,local_region_head,0.784,256,provisional_no_probe_exposure_normalized
gene_bs_eye_size,signed,negative,0.9250244354180415,0.8442897670962483,eyes,1.512112229961925,0.8235294117647058,0.5294117647058824,1.0,,1.0,0.9004685015381414,17,,A,independent_prediction,0.912,255,provisional_no_probe_exposure_normalized
gene_bs_eye_size,signed,positive,0.9979780190682513,0.8776386316081025,eyes,2.382523080847775,1.0,0.8823529411764706,1.0,,1.0,1.1334065616264863,17,,A,independent_prediction,0.912,128,provisional_no_probe_exposure_normalized
gene_bs_eye_upper_lid_size,signed,negative,0.8959670081924817,0.6764142496218909,eyes,2.925818890563612,1.0,1.0,1.0,,1.0,1.9094281047245294,17,,B,local_region_head,0.735,128,provisional_no_probe_exposure_normalized
gene_bs_eye_upper_lid_size,signed,positive,0.24498536270192797,0.14905054871658932,eyes,0.9778562111359713,0.47058823529411764,0.35294117647058826,1.0,,1.0,0.3347002488917226,17,,B,local_region_head,0.735,256,provisional_no_probe_exposure_normalized
gene_bs_forehead_brow_curve,signed,negative,0.8881320201518205,0.8748144851997249,eyes,2.260918644136817,1.0,0.9411764705882353,1.0,,1.0,1.5022739550158892,17,,A,independent_prediction,1.0,128,provisional_no_probe_exposure_normalized
gene_bs_forehead_brow_curve,signed,positive,0.9073654137765635,0.8355564345192155,eyes,2.0712498803079793,1.0,0.8823529411764706,1.0,,1.0,1.312768654609223,17,,A,independent_prediction,1.0,128,provisional_no_probe_exposure_normalized
gene_bs_forehead_brow_forward,signed,negative,0.8823710246670197,0.8798064450662926,eyes,2.1376627858641815,1.0,0.7647058823529411,1.0,,1.0,1.574324926808245,17,,A,independent_prediction,1.0,255,provisional_no_probe_exposure_normalized
gene_bs_forehead_brow_forward,signed,positive,0.988764769601596,1.0153176493059823,eyes,3.5431693704270795,1.0,1.0,1.0,,1.0,1.9439059774424468,17,,A,independent_prediction,1.0,128,provisional_no_probe_exposure_normalized
gene_bs_forehead_brow_inner_height,signed,negative,1.0125480799545998,0.8158273211553826,eyes,2.63481146823341,1.0,0.8823529411764706,1.0,,1.0,1.4991843779670877,17,,A,independent_prediction,1.0,128,provisional_no_probe_exposure_normalized
gene_bs_forehead_brow_inner_height,signed,positive,0.9944281723291328,0.84306421716539,eyes,3.1723504975979075,1.0,1.0,1.0,,1.0,1.71995376745937,17,,A,independent_prediction,1.0,128,provisional_no_probe_exposure_normalized
gene_bs_forehead_brow_outer_height,signed,negative,0.9791398006801959,0.8901142163847712,eyes,2.8756421979951177,1.0,0.9411764705882353,1.0,,1.0,1.4786483674894857,17,,A,independent_prediction,1.0,128,provisional_no_probe_exposure_normalized
gene_bs_forehead_brow_outer_height,signed,positive,0.954587665815218,0.7711790464621535,eyes,3.7213320379558867,1.0,1.0,1.0,,1.0,2.288071750211773,17,,A,independent_prediction,1.0,128,provisional_no_probe_exposure_normalized
gene_bs_forehead_brow_width,signed,negative,0.7882834207439547,0.4615724024522294,eyes,2.1569141581092004,1.0,0.8823529411764706,1.0,,1.0,1.4783937545009735,17,,A,independent_prediction,1.0,128,provisional_no_probe_exposure_normalized
gene_bs_forehead_brow_width,signed,positive,0.40981091030807804,0.3981683839564418,eyes,1.8279524281561244,1.0,0.7647058823529411,1.0,,1.0,1.1098589293880126,17,,A,independent_prediction,1.0,255,provisional_no_probe_exposure_normalized
gene_bs_jaw_def,signed,negative,0.8485027534818536,0.7785930137938675,jaw,1.2395726407736871,0.8823529411764706,0.35294117647058826,1.0,,1.0,0.6134260693777083,17,,B,local_region_head,0.647,255,provisional_no_probe_exposure_normalized
gene_bs_jaw_def,signed,positive,0.4387212955426893,0.5153423255816824,jaw,0.9488865365956519,0.4117647058823529,0.35294117647058826,1.0,,1.0,0.3805113668989255,17,,B,local_region_head,0.647,256,provisional_no_probe_exposure_normalized
gene_bs_mouth_lower_lip_def,categorical,mouth_lower_lip_def_pos,0.6551763698210773,0.6216851776103857,mouth,0.9782358627117045,0.47058823529411764,0.35294117647058826,1.0,,1.0,0.34694724090373846,17,,C,strength_only,0.471,256,provisional_no_probe_exposure_normalized
gene_bs_mouth_lower_lip_full,signed,negative,0.6071533233848233,0.5608883126964658,mouth,1.0349536645622448,0.5294117647058824,0.4117647058823529,1.0,,1.0,0.48692351527470706,17,,C,conditioned_local_head,0.471,256,provisional_no_probe_exposure_normalized
gene_bs_mouth_lower_lip_full,signed,positive,0.5818658442855064,0.5323176836912519,mouth,0.888380244476187,0.4117647058823529,0.35294117647058826,1.0,,1.0,0.30825890490329616,17,,C,conditioned_local_head,0.471,256,provisional_no_probe_exposure_normalized
gene_bs_mouth_lower_lip_pad,signed,negative,0.5103081227524895,0.4775928192606718,mouth,0.7688185940961643,0.4117647058823529,0.35294117647058826,1.0,,1.0,0.3751008390726074,17,,C,conditioned_local_head,0.471,256,provisional_no_probe_exposure_normalized
gene_bs_mouth_lower_lip_pad,signed,positive,0.7234764877854015,0.7161533828288946,mouth,1.243867318997034,0.5294117647058824,0.4117647058823529,1.0,,1.0,0.5169987518921308,17,,C,conditioned_local_head,0.471,256,provisional_no_probe_exposure_normalized
gene_bs_mouth_lower_lip_width,signed,negative,0.644481107792924,0.5573454439739735,mouth,1.00680595642401,0.5294117647058824,0.35294117647058826,1.0,,1.0,0.41001770790115427,17,,C,conditioned_local_head,0.441,256,provisional_no_probe_exposure_normalized
gene_bs_mouth_lower_lip_width,signed,positive,0.5381140465398286,0.4950484941633473,mouth,0.9224504610173233,0.35294117647058826,0.35294117647058826,1.0,,1.0,0.41869548619117863,17,,C,conditioned_local_head,0.441,256,provisional_no_probe_exposure_normalized
gene_bs_mouth_philtrum_def,categorical,mouth_philtrum_def_pos,0.5875322456490404,0.5740925518684791,mouth,0.833162853203192,0.35294117647058826,0.35294117647058826,1.0,,1.0,0.1883868191832689,17,,C,strength_only,0.353,256,provisional_no_probe_exposure_normalized
gene_bs_mouth_philtrum_shape,signed,negative,0.5788669106083495,0.5210083229758663,mouth,0.7202011006767277,0.35294117647058826,0.35294117647058826,1.0,,1.0,0.14583588612356774,17,,C,conditioned_local_head,0.353,256,provisional_no_probe_exposure_normalized
gene_bs_mouth_philtrum_shape,signed,positive,0.5171579501758513,0.48785066314184206,mouth,0.7189568653177199,0.35294117647058826,0.35294117647058826,1.0,,1.0,0.17681004964209815,17,,C,conditioned_local_head,0.353,256,provisional_no_probe_exposure_normalized
gene_bs_mouth_philtrum_width,signed,negative,0.5290697129786484,0.5107728749702914,mouth,0.7638579362155572,0.35294117647058826,0.35294117647058826,1.0,,1.0,0.240628316095198,17,,C,conditioned_local_head,0.353,256,provisional_no_probe_exposure_normalized
gene_bs_mouth_philtrum_width,signed,positive,0.48817147887340956,0.4606766608734565,mouth,0.7191358354874231,0.35294117647058826,0.35294117647058826,1.0,,1.0,0.25079053158617237,17,,C,conditioned_local_head,0.353,256,provisional_no_probe_exposure_normalized
gene_bs_mouth_upper_lip_def,categorical,mouth_upper_lip_def_pos,0.6930901826176228,0.6746620341851158,mouth,0.930626734215207,0.47058823529411764,0.4117647058823529,1.0,,1.0,0.23934675533369662,17,,C,strength_only,0.471,256,provisional_no_probe_exposure_normalized
gene_bs_mouth_upper_lip_full,signed,negative,0.5685923242571282,0.5410863637319231,mouth,0.8619895410420503,0.47058823529411764,0.35294117647058826,1.0,,1.0,0.4608739374143614,17,,C,conditioned_local_head,0.412,256,provisional_no_probe_exposure_normalized
gene_bs_mouth_upper_lip_full,signed,positive,0.5109356996723354,0.4940679558212819,mouth,0.8862848213758925,0.35294117647058826,0.35294117647058826,1.0,,1.0,0.40703521339905474,17,,C,conditioned_local_head,0.412,256,provisional_no_probe_exposure_normalized
gene_bs_mouth_upper_lip_profile,signed,negative,0.439418710143422,0.42140246804155174,mouth,0.6076835416058102,0.35294117647058826,0.35294117647058826,1.0,,1.0,0.1889621173442282,17,,C,conditioned_local_head,0.412,256,provisional_no_probe_exposure_normalized
gene_bs_mouth_upper_lip_profile,signed,positive,0.5330255293788538,0.5210926676810731,mouth,0.8589868500712002,0.47058823529411764,0.35294117647058826,1.0,,1.0,0.37788414334806086,17,,C,conditioned_local_head,0.412,256,provisional_no_probe_exposure_normalized
gene_bs_mouth_upper_lip_width,signed,negative,0.6032155489592825,0.5853176920490675,mouth,1.2235996932566424,0.6470588235294118,0.35294117647058826,1.0,,1.0,0.5949590294432049,17,,B,local_region_head,0.647,256,provisional_no_probe_exposure_normalized
gene_bs_mouth_upper_lip_width,signed,positive,0.6542099207718819,0.6230877391484558,mouth,1.300478562920088,0.6470588235294118,0.5294117647058824,1.0,,1.0,0.8216149330561496,17,,B,local_region_head,0.647,256,provisional_no_probe_exposure_normalized
gene_bs_nose_forward,signed,negative,1.0171497202154924,1.1954115278973956,nose,3.3093412864420113,1.0,1.0,1.0,,1.0,2.4025892845508205,17,,A,independent_prediction,1.0,128,provisional_no_probe_exposure_normalized
gene_bs_nose_forward,signed,positive,0.9649132117860173,1.2188949847298822,nose,3.132326859143031,1.0,1.0,1.0,,1.0,2.5604175352497656,17,,A,independent_prediction,1.0,128,provisional_no_probe_exposure_normalized
gene_bs_nose_height,signed,negative,0.9581924559519884,0.8993141007810165,nose,2.73063627606826,1.0,1.0,1.0,,1.0,1.9549394801149593,17,,A,independent_prediction,1.0,128,provisional_no_probe_exposure_normalized
gene_bs_nose_height,signed,positive,1.187059476187238,0.974673200529826,nose,3.2733304795156455,1.0,1.0,1.0,,1.0,1.9581005132746374,17,,A,independent_prediction,1.0,128,provisional_no_probe_exposure_normalized
gene_bs_nose_length,signed,negative,0.8177133820375495,0.894726599429813,nose,2.276126695918851,1.0,1.0,1.0,,1.0,1.8569447160864025,17,,A,independent_prediction,1.0,128,provisional_no_probe_exposure_normalized
gene_bs_nose_length,signed,positive,0.9230594417647405,1.0618054796687093,nose,2.900801902894587,1.0,1.0,1.0,,1.0,2.07326351538999,17,,A,independent_prediction,1.0,128,provisional_no_probe_exposure_normalized
gene_bs_nose_nostril_height,signed,negative,0.28810140023367037,0.22453190777962578,nose,1.1244652570591716,0.5294117647058824,0.4117647058823529,1.0,,1.0,0.6965886142617712,17,,B,local_region_head,0.618,256,provisional_no_probe_exposure_normalized
gene_bs_nose_nostril_height,signed,positive,0.7018920953848786,0.5866513524820186,nose,1.3087168314607456,0.7058823529411765,0.47058823529411764,1.0,,1.0,0.6970847269066899,17,,B,local_region_head,0.618,256,provisional_no_probe_exposure_normalized
gene_bs_nose_nostril_width,signed,negative,0.8144537793822542,0.6990994840276405,nose,1.4361818639266186,0.7647058823529411,0.5294117647058824,1.0,,1.0,0.8537297529310948,17,,A,independent_prediction,0.882,256,provisional_no_probe_exposure_normalized
gene_bs_nose_nostril_width,signed,positive,0.9519862198076635,0.7705011457227858,nose,2.218074595498748,1.0,1.0,1.0,,1.0,1.8906155640801274,17,,A,independent_prediction,0.882,128,provisional_no_probe_exposure_normalized
gene_bs_nose_profile,categorical,nose_profile_hawk,0.6988303891684374,0.7661031339909657,nose,1.2836212706586536,0.7058823529411765,0.47058823529411764,1.0,,1.0,0.6473852841281708,17,,A,independent_prediction,0.853,256,provisional_no_probe_exposure_normalized
gene_bs_nose_profile,categorical,nose_profile_hawk_pos,0.8214122725485647,0.8949949456415682,nose,2.0819924017164735,1.0,0.5294117647058824,1.0,,1.0,1.1775371412353373,17,,A,independent_prediction,0.853,255,provisional_no_probe_exposure_normalized
gene_bs_nose_profile,categorical,nose_profile_neg,0.8151454582778195,0.7744780308135404,nose,1.5766335559439966,0.8823529411764706,0.5294117647058824,1.0,,1.0,0.7771971339841782,17,,A,independent_prediction,0.853,255,provisional_no_probe_exposure_normalized
gene_bs_nose_profile,categorical,nose_profile_pos,0.7571882086190023,0.8983352478192652,nose,1.63752095302451,0.8235294117647058,0.5882352941176471,1.0,,1.0,0.7931342632744646,17,,A,independent_prediction,0.853,255,provisional_no_probe_exposure_normalized
gene_bs_nose_ridge_angle,signed,negative,0.7902132256338917,0.8328169111592266,nose,1.9589504658964263,1.0,0.7058823529411765,1.0,,1.0,1.3280546929324843,17,,A,independent_prediction,1.0,255,provisional_no_probe_exposure_normalized
gene_bs_nose_ridge_angle,signed,positive,0.7995500523883524,0.7905960814851594,nose,1.9637406133979982,1.0,0.5882352941176471,1.0,,1.0,1.1850266056700534,17,,A,independent_prediction,1.0,255,provisional_no_probe_exposure_normalized
gene_bs_nose_ridge_width,signed,negative,0.5407360277731765,0.48064748090751014,nose,1.0107540002481157,0.5882352941176471,0.35294117647058826,1.0,,1.0,0.64209968011367,17,,B,local_region_head,0.794,256,provisional_no_probe_exposure_normalized
gene_bs_nose_ridge_width,signed,positive,0.6893598999263979,0.5201408755716311,nose,1.3439753975422313,1.0,0.4117647058823529,1.0,,1.0,1.0293645040761048,17,,B,local_region_head,0.794,255,provisional_no_probe_exposure_normalized
gene_bs_nose_size,signed,negative,0.7564418976227347,0.6359822387911187,nose,1.672315948358027,0.9411764705882353,0.5294117647058824,1.0,,1.0,0.9745425621545697,17,,A,independent_prediction,0.971,255,provisional_no_probe_exposure_normalized
gene_bs_nose_size,signed,positive,0.7630617448392847,0.7299782018568537,nose,2.3618328490890255,1.0,0.8235294117647058,1.0,,1.0,1.482072268549193,17,,A,independent_prediction,0.971,128,provisional_no_probe_exposure_normalized
gene_bs_nose_tip_angle,signed,negative,0.49067747171767634,0.4473201383182288,nose,1.5422922093280633,0.8823529411764706,0.4117647058823529,1.0,,1.0,0.9318129431234138,17,,A,independent_prediction,0.941,255,provisional_no_probe_exposure_normalized
gene_bs_nose_tip_angle,signed,positive,0.623989965486515,0.5409590986687628,nose,1.5649727531561446,1.0,0.5294117647058824,1.0,,1.0,1.040873244058385,17,,A,independent_prediction,0.941,255,provisional_no_probe_exposure_normalized
gene_bs_nose_tip_forward,signed,negative,0.7674420401597852,0.7670922678318702,nose,1.4734938390106191,0.7647058823529411,0.47058823529411764,1.0,,1.0,0.6163864731258375,17,,A,independent_prediction,0.824,256,provisional_no_probe_exposure_normalized
gene_bs_nose_tip_forward,signed,positive,0.6877263142946363,0.7999471960097401,nose,1.4463422279579978,0.8823529411764706,0.47058823529411764,1.0,,1.0,0.7908776829546873,17,,A,independent_prediction,0.824,255,provisional_no_probe_exposure_normalized
gene_bs_nose_tip_width,signed,negative,0.7404106389429159,0.5749934870998766,nose,1.2419644506519942,0.7058823529411765,0.4117647058823529,1.0,,1.0,0.4910827945200158,17,,B,local_region_head,0.647,256,provisional_no_probe_exposure_normalized
gene_bs_nose_tip_width,signed,positive,0.6172976059071982,0.583548046495867,nose,1.1403079326675827,0.5882352941176471,0.35294117647058826,1.0,,1.0,0.6348959978219816,17,,B,local_region_head,0.647,256,provisional_no_probe_exposure_normalized
gene_chin_forward,signed,negative,0.6922968748396229,0.7675188997985893,chin,1.9811990916020679,0.9411764705882353,0.8235294117647058,1.0,,1.0,0.9088082332102039,17,gene_chin_forward:negative=positive,D,merge_alleles_scalar,0.941,128,provisional_no_probe_exposure_normalized
gene_chin_forward,signed,positive,0.8742880170512224,0.9242773084158502,chin,1.9597787410589906,0.9411764705882353,0.8823529411764706,1.0,,1.0,0.9088082332102039,17,gene_chin_forward:negative=positive,D,merge_alleles_scalar,0.941,128,provisional_no_probe_exposure_normalized
gene_chin_height,signed,negative,1.0203396486939391,0.8981440565961755,chin,2.5249221586234474,1.0,0.9411764705882353,1.0,,1.0,1.5914128212148755,17,gene_chin_height:negative=positive,D,merge_alleles_scalar,1.0,128,provisional_no_probe_exposure_normalized
gene_chin_height,signed,positive,0.850908030359953,0.6929737710103472,chin,2.374334052783883,1.0,0.8823529411764706,1.0,,1.0,1.3350319131723827,17,gene_chin_height:negative=positive,D,merge_alleles_scalar,1.0,128,provisional_no_probe_exposure_normalized
gene_chin_width,signed,negative,0.8257323918983018,0.7325478075519136,chin,2.154665055197896,1.0,0.5882352941176471,1.0,,1.0,1.0270333080680094,17,gene_chin_width:negative=positive,D,merge_alleles_scalar,0.971,255,provisional_no_probe_exposure_normalized
gene_chin_width,signed,positive,0.8819113605988064,0.7882313016274857,chin,2.057242634307738,0.9411764705882353,0.5294117647058824,1.0,,1.0,0.9100467213853876,17,gene_chin_width:negative=positive,D,merge_alleles_scalar,0.971,255,provisional_no_probe_exposure_normalized
gene_eye_angle,signed,negative,1.1882212589961683,0.988914093353181,eyes,3.6218644194116547,1.0,1.0,1.0,,1.0,2.0422163124750696,17,gene_eye_angle:negative=positive,D,merge_alleles_scalar,1.0,128,provisional_no_probe_exposure_normalized
gene_eye_angle,signed,positive,1.166431907274453,0.9830270696545107,eyes,3.6955036070185336,1.0,1.0,1.0,,1.0,2.022612988837001,17,gene_eye_angle:negative=positive,D,merge_alleles_scalar,1.0,128,provisional_no_probe_exposure_normalized
gene_eye_depth,signed,negative,0.9275455565589321,1.051741936279347,eyes,3.0556706920058487,1.0,1.0,1.0,,1.0,1.7810619672105108,17,gene_eye_depth:negative=positive,D,merge_alleles_scalar,1.0,128,provisional_no_probe_exposure_normalized
gene_eye_depth,signed,positive,0.8339116840286321,0.9202858438242306,eyes,3.1657763965245063,1.0,0.9411764705882353,1.0,,1.0,1.479462612956868,17,gene_eye_depth:negative=positive,D,merge_alleles_scalar,1.0,128,provisional_no_probe_exposure_normalized
gene_eye_distance,signed,negative,1.7042333404264234,1.2274969245257326,eyes,5.403206815965757,1.0,1.0,1.0,,1.0,3.1221924947698616,17,gene_eye_distance:negative=positive,D,merge_alleles_scalar,1.0,128,provisional_no_probe_exposure_normalized
gene_eye_distance,signed,positive,1.4048453135376764,0.8724828456982792,eyes,5.343175632765853,1.0,1.0,1.0,,1.0,3.1221924947698616,17,gene_eye_distance:negative=positive,D,merge_alleles_scalar,1.0,128,provisional_no_probe_exposure_normalized
gene_eye_height,signed,negative,2.4184602075401482,1.820425503215243,eyes,8.489131511851246,1.0,1.0,1.0,,1.0,5.345132802499529,17,gene_eye_height:negative=positive,D,merge_alleles_scalar,1.0,128,provisional_no_probe_exposure_normalized
gene_eye_height,signed,positive,2.6239781373507505,2.0644980210862203,eyes,8.550400637073805,1.0,1.0,1.0,,1.0,5.418108228318046,17,gene_eye_height:negative=positive,D,merge_alleles_scalar,1.0,128,provisional_no_probe_exposure_normalized
gene_eye_shut,signed,negative,0.8917352720946192,0.7656238527804381,eyes,2.2622071900840792,0.9411764705882353,0.9411764705882353,1.0,,1.0,0.9612311029329953,17,gene_eye_shut:negative=positive,D,merge_alleles_scalar,0.971,128,provisional_no_probe_exposure_normalized
gene_eye_shut,signed,positive,0.5728427687390744,0.30959370948913534,eyes,1.9945167625069258,1.0,1.0,1.0,,1.0,1.3109994642997753,17,gene_eye_shut:negative=positive,D,merge_alleles_scalar,0.971,128,provisional_no_probe_exposure_normalized
gene_forehead_angle,signed,negative,2.5913596124301153,1.919748446804393,forehead,6.5328453289907635,1.0,1.0,1.0,,1.0,3.751354588205815,17,gene_forehead_angle:negative=positive,D,merge_alleles_scalar,1.0,128,provisional_no_probe_exposure_normalized
gene_forehead_angle,signed,positive,2.6537401219890864,2.0853641066428175,forehead,6.536181938699054,1.0,1.0,1.0,,1.0,3.728004793036835,17,gene_forehead_angle:negative=positive,D,merge_alleles_scalar,1.0,128,provisional_no_probe_exposure_normalized
gene_forehead_brow_height,signed,negative,1.8477111116665361,1.3789174229675853,eyes,6.311458183068399,1.0,1.0,1.0,,1.0,3.9182896839413077,17,,A,independent_prediction,1.0,128,provisional_no_probe_exposure_normalized
gene_forehead_brow_height,signed,positive,2.089678167980992,1.6358935556924967,eyes,6.302963302143424,1.0,1.0,1.0,,1.0,4.174445020496196,17,,A,independent_prediction,1.0,128,provisional_no_probe_exposure_normalized
gene_forehead_height,signed,negative,1.2693726635500313,1.072088668953523,forehead,2.7531140017805225,1.0,1.0,1.0,,1.0,1.99650585812651,17,gene_forehead_height:negative=positive,D,merge_alleles_scalar,1.0,128,provisional_no_probe_exposure_normalized
gene_forehead_height,signed,positive,1.489347768183887,1.2529391454740146,forehead,2.8242092156050975,1.0,1.0,1.0,,1.0,1.9027788534005179,17,gene_forehead_height:negative=positive,D,merge_alleles_scalar,1.0,128,provisional_no_probe_exposure_normalized
gene_forehead_roundness,signed,negative,1.2311525786859048,1.0727300213639723,forehead,3.4391058101748064,1.0,1.0,1.0,,1.0,2.334444885716864,17,gene_forehead_roundness:negative=positive,D,merge_alleles_scalar,1.0,128,provisional_no_probe_exposure_normalized
gene_forehead_roundness,signed,positive,1.263173629511238,0.9788714593865142,forehead,3.4391058101748064,1.0,1.0,1.0,,1.0,2.334444885716864,17,gene_forehead_roundness:negative=positive,D,merge_alleles_scalar,1.0,128,provisional_no_probe_exposure_normalized
gene_forehead_width,signed,negative,0.9484396142523647,0.6878415383133885,forehead,2.4322747460013416,1.0,1.0,1.0,,1.0,1.6322034744448723,17,gene_forehead_width:negative=positive,D,merge_alleles_scalar,1.0,128,provisional_no_probe_exposure_normalized
gene_forehead_width,signed,positive,1.2146988908753278,0.9050258820971141,forehead,2.6856253733633144,1.0,1.0,1.0,,1.0,1.7603644415237483,17,gene_forehead_width:negative=positive,D,merge_alleles_scalar,1.0,128,provisional_no_probe_exposure_normalized
gene_head_height,signed,negative,7.972031832797304,6.5625240400276255,head,7.472293597841924,1.0,1.0,1.0,,1.0,4.584798926966237,17,gene_head_height:negative=positive,D,merge_alleles_scalar,1.0,128,provisional_no_probe_exposure_normalized
gene_head_height,signed,positive,8.000750313236361,6.58015833862191,head,7.479588682463839,1.0,1.0,1.0,,1.0,4.584798926966237,17,gene_head_height:negative=positive,D,merge_alleles_scalar,1.0,128,provisional_no_probe_exposure_normalized
gene_head_profile,signed,negative,3.383757370905458,3.4861081428579896,head,3.993790590553819,1.0,1.0,1.0,,1.0,2.5236197570323395,17,gene_head_profile:negative=positive,D,merge_alleles_scalar,1.0,128,provisional_no_probe_exposure_normalized
gene_head_profile,signed,positive,3.502357134658215,3.5554843726170295,head,4.001719282998245,1.0,1.0,1.0,,1.0,2.525399397566824,17,gene_head_profile:negative=positive,D,merge_alleles_scalar,1.0,128,provisional_no_probe_exposure_normalized
gene_head_top_height,signed,negative,2.8791214983968967,2.338807585542856,head,3.001189388520503,1.0,1.0,1.0,,1.0,1.9629924745066496,17,gene_head_top_height:negative=positive,D,merge_alleles_scalar,1.0,128,provisional_no_probe_exposure_normalized
gene_head_top_height,signed,positive,2.9911449013855145,2.336274473742682,head,3.207264024495541,1.0,1.0,1.0,,1.0,1.684730266644834,17,gene_head_top_height:negative=positive,D,merge_alleles_scalar,1.0,128,provisional_no_probe_exposure_normalized
gene_head_top_width,signed,negative,2.0265282750284017,1.0979013269897362,head,1.9059326162663803,1.0,0.7647058823529411,1.0,,1.0,1.163300939726971,17,gene_head_top_width:negative=positive,D,merge_alleles_scalar,1.0,255,provisional_no_probe_exposure_normalized
gene_head_top_width,signed,positive,2.119689122225152,1.0979013269897362,head,1.9882635049219637,1.0,0.7058823529411765,1.0,,1.0,1.163300939726971,17,gene_head_top_width:negative=positive,D,merge_alleles_scalar,1.0,255,provisional_no_probe_exposure_normalized
gene_head_width,signed,negative,4.441704725532396,2.5373605297566564,head,4.0799060902209145,1.0,1.0,1.0,,1.0,2.382211160612956,17,gene_head_width:negative=positive,D,merge_alleles_scalar,1.0,128,provisional_no_probe_exposure_normalized
gene_head_width,signed,positive,4.422176522891725,2.5119035328041206,head,4.0799060902209145,1.0,1.0,1.0,,1.0,2.382211160612956,17,gene_head_width:negative=positive,D,merge_alleles_scalar,1.0,128,provisional_no_probe_exposure_normalized
gene_jaw_angle,signed,negative,1.3474511370331965,1.482555785685213,jaw,2.6548115421373515,1.0,1.0,1.0,,1.0,1.23501491490837,17,gene_jaw_angle:negative=positive,D,merge_alleles_scalar,1.0,128,provisional_no_probe_exposure_normalized
gene_jaw_angle,signed,positive,1.527914329121728,1.6471138598111548,jaw,3.0697151318161757,1.0,1.0,1.0,,1.0,1.23501491490837,17,gene_jaw_angle:negative=positive,D,merge_alleles_scalar,1.0,128,provisional_no_probe_exposure_normalized
gene_jaw_forward,signed,negative,1.1933860091068131,1.9488975061894642,jaw,2.835427448290208,1.0,0.9411764705882353,1.0,,1.0,1.5131205526946785,17,gene_jaw_forward:negative=positive,D,merge_alleles_scalar,1.0,128,provisional_no_probe_exposure_normalized
gene_jaw_forward,signed,positive,1.1933860091068131,1.9970414256099787,jaw,2.7899736859530875,1.0,0.9411764705882353,1.0,,1.0,1.7017645858153894,17,gene_jaw_forward:negative=positive,D,merge_alleles_scalar,1.0,128,provisional_no_probe_exposure_normalized
gene_jaw_height,signed,negative,1.580757799831748,1.5693818775775474,jaw,3.0515221466412563,1.0,1.0,1.0,,1.0,1.560760623001978,17,gene_jaw_height:negative=positive,D,merge_alleles_scalar,1.0,128,provisional_no_probe_exposure_normalized
gene_jaw_height,signed,positive,1.7723432227452744,1.687684867073075,jaw,3.0515221466412563,1.0,1.0,1.0,,1.0,1.5404341977438656,17,gene_jaw_height:negative=positive,D,merge_alleles_scalar,1.0,128,provisional_no_probe_exposure_normalized
gene_jaw_width,signed,negative,1.5148551842716265,1.1820233669676048,jaw,2.2848796706475936,1.0,1.0,1.0,,1.0,1.241092118283839,17,gene_jaw_width:negative=positive,D,merge_alleles_scalar,1.0,128,provisional_no_probe_exposure_normalized
gene_jaw_width,signed,positive,1.6992087936707876,1.1820233669676048,jaw,2.4218248938356473,1.0,1.0,1.0,,1.0,1.2322247903591155,17,gene_jaw_width:negative=positive,D,merge_alleles_scalar,1.0,128,provisional_no_probe_exposure_normalized
gene_mouth_corner_depth,signed,negative,0.593981543889285,0.6202141525136468,mouth,1.5566968143058826,1.0,0.47058823529411764,1.0,,1.0,1.0636194281721276,17,gene_mouth_corner_depth:negative=positive,D,merge_alleles_scalar,1.0,255,provisional_no_probe_exposure_normalized
gene_mouth_corner_depth,signed,positive,0.7886090078527415,0.8563459367494831,mouth,1.6430222047488445,1.0,0.47058823529411764,1.0,,1.0,1.0586838484927865,17,gene_mouth_corner_depth:negative=positive,D,merge_alleles_scalar,1.0,255,provisional_no_probe_exposure_normalized
gene_mouth_corner_height,signed,negative,1.0281591405006192,0.9275366022397517,mouth,2.6639820647951065,1.0,1.0,1.0,,1.0,1.8713337016056892,17,gene_mouth_corner_height:negative=positive,D,merge_alleles_scalar,1.0,128,provisional_no_probe_exposure_normalized
gene_mouth_corner_height,signed,positive,0.9002295761233615,0.775597302989226,mouth,2.6750081655970583,1.0,1.0,1.0,,1.0,1.786966558858892,17,gene_mouth_corner_height:negative=positive,D,merge_alleles_scalar,1.0,128,provisional_no_probe_exposure_normalized
gene_mouth_forward,signed,negative,0.9486121967787595,1.0297712419337213,mouth,3.009752790463409,1.0,1.0,1.0,,1.0,2.0507100619667815,17,gene_mouth_forward:negative=positive,D,merge_alleles_scalar,1.0,128,provisional_no_probe_exposure_normalized
gene_mouth_forward,signed,positive,0.9041956382898507,0.9430221005216782,mouth,2.9806252373316657,1.0,1.0,1.0,,1.0,2.0507100619667815,17,gene_mouth_forward:negative=positive,D,merge_alleles_scalar,1.0,128,provisional_no_probe_exposure_normalized
gene_mouth_height,signed,negative,1.0821971638856676,0.8621352090909143,mouth,3.4230196008677076,1.0,1.0,1.0,,1.0,2.7602854522251534,17,gene_mouth_height:negative=positive,D,merge_alleles_scalar,1.0,128,provisional_no_probe_exposure_normalized
gene_mouth_height,signed,positive,1.057448431298451,0.8052205468707645,mouth,3.4230196008677076,1.0,1.0,1.0,,1.0,2.7602854522251534,17,gene_mouth_height:negative=positive,D,merge_alleles_scalar,1.0,128,provisional_no_probe_exposure_normalized
gene_mouth_lower_lip_size,signed,negative,0.6966577867862871,0.46188403042235754,mouth,2.548046580757401,1.0,1.0,1.0,,1.0,1.7675560770931327,17,gene_mouth_lower_lip_size:negative=positive,D,merge_alleles_scalar,1.0,128,provisional_no_probe_exposure_normalized
gene_mouth_lower_lip_size,signed,positive,0.847617533235223,0.7414669778822166,mouth,2.4770992543263235,1.0,1.0,1.0,,1.0,1.8511866442761755,17,gene_mouth_lower_lip_size:negative=positive,D,merge_alleles_scalar,1.0,128,provisional_no_probe_exposure_normalized
gene_mouth_open,signed,negative,1.0419799354039156,0.9481534464720035,mouth,2.8600297908124936,1.0,0.11764705882352941,1.0,,1.0,2.291171987336602,17,gene_mouth_open:negative=positive,D,merge_alleles_scalar,1.0,255,provisional_no_probe_exposure_normalized
gene_mouth_open,signed,positive,1.1094338060830828,0.8276416130996225,mouth,2.9650731131458303,1.0,0.11764705882352941,1.0,,1.0,2.2255202870318844,17,gene_mouth_open:negative=positive,D,merge_alleles_scalar,1.0,255,provisional_no_probe_exposure_normalized
gene_mouth_upper_lip_size,signed,negative,0.6377673029365695,0.3989879477622188,mouth,2.3910862075589883,1.0,1.0,1.0,,1.0,1.6746715366712812,17,gene_mouth_upper_lip_size:mid_high_alias_low_strength_context,C,piecewise_signed_with_visibility_mask,1.0,128,provisional_no_probe_exposure_normalized
gene_mouth_upper_lip_size,signed,positive,0.839806198482841,0.7208206135657438,mouth,2.5331607287645417,1.0,1.0,1.0,,1.0,1.687212930182056,17,gene_mouth_upper_lip_size:mid_high_alias_low_strength_context,C,piecewise_signed_with_visibility_mask,1.0,128,provisional_no_probe_exposure_normalized
gene_mouth_width,signed,negative,1.365479319194962,0.9838853061775534,mouth,3.885385467304479,1.0,1.0,1.0,,1.0,2.8115955672211452,17,gene_mouth_width:negative=positive,D,merge_alleles_scalar,1.0,128,provisional_no_probe_exposure_normalized
gene_mouth_width,signed,positive,1.041793708749414,0.8332618215924545,mouth,3.7443283253981052,1.0,0.9411764705882353,1.0,,1.0,2.7530929974863776,17,gene_mouth_width:negative=positive,D,merge_alleles_scalar,1.0,128,provisional_no_probe_exposure_normalized
gene_neck_length,signed,negative,5.9311512701695035,4.561567200684802,neck,6.930591326695314,1.0,1.0,0.0,,0.5,5.367782725883172,17,gene_neck_length:negative=positive,D,merge_alleles_scalar,1.0,128,provisional_no_probe_exposure_normalized
gene_neck_length,signed,positive,5.907964208166742,4.540811682110698,neck,6.91981543228984,1.0,1.0,0.0,,0.5,5.366934911886992,17,gene_neck_length:negative=positive,D,merge_alleles_scalar,1.0,128,provisional_no_probe_exposure_normalized
gene_neck_width,signed,negative,1.8928877124718728,0.9344569087710292,neck,3.8123428584426624,1.0,1.0,1.0,,1.0,2.6344734649745445,17,gene_neck_width:negative=positive,D,merge_alleles_scalar,1.0,128,provisional_no_probe_exposure_normalized
gene_neck_width,signed,positive,1.8928877124718728,0.9863147833538737,neck,3.767149157173106,1.0,1.0,1.0,,1.0,2.6344734649745445,17,gene_neck_width:negative=positive,D,merge_alleles_scalar,1.0,128,provisional_no_probe_exposure_normalized
