field,type,class_count,front_snr,side_snr,local_region,local_snr,detection_rate,detection_rate_128,monotonicity,probe_accuracy,strength_correlation,worst_group_detection,alias_group,final_tier,recommended_strategy,recommended_weight,source_head_weight,merged_head_weight,recommended_visibility_threshold,decision_status
face_detail_cheek_def,categorical,2,0.7818308656380815,0.7727947623400482,cheeks,1.3368872950858512,0.7647058823529411,0.35294117647058826,1.0,,1.0,0.718976984058186,,B,local_region_head,0.765,0.765,,256,provisional_no_probe_exposure_normalized
face_detail_cheek_fat,categorical,5,0.9099785092500203,0.833117058596713,cheeks,1.4553835130870365,0.9882352941176471,0.48235294117647054,1.0,,1.0,0.9510469114542941,,A,independent_prediction,0.988,0.988,,255,provisional_no_probe_exposure_normalized
face_detail_chin_cleft,categorical,2,0.6711101494612929,0.641861959501825,chin,0.8299474561616416,0.4117647058823529,0.35294117647058826,1.0,,1.0,0.13809593796548572,,C,conditioned_local_head,0.412,0.412,,256,provisional_no_probe_exposure_normalized
face_detail_chin_def,categorical,2,0.6620882515088852,0.6025963505536074,chin,0.8090423778865113,0.4117647058823529,0.35294117647058826,1.0,,1.0,0.17116121377890417,,C,conditioned_local_head,0.412,0.412,,256,provisional_no_probe_exposure_normalized
face_detail_eye_lower_lid_def,categorical,2,0.4019255459951432,0.3065803584060129,eyes,0.8687362387620616,0.4411764705882353,0.35294117647058826,1.0,,1.0,0.3378481105062014,,C,conditioned_local_head,0.441,0.441,,256,provisional_no_probe_exposure_normalized
face_detail_eye_socket,categorical,6,0.6000360468070995,0.5091651710862644,eyes,1.164966240821748,0.5882352941176471,0.37254901960784315,1.0,,1.0,0.608675851649761,eye_socket_01=eye_socket_color_01;eye_socket_02=eye_socket_color_02;eye_socket_03=eye_socket_color_03,D,group_similar_classes_plus_strength,0.588,0.588,,256,provisional_no_probe_exposure_normalized
face_detail_nasolabial,categorical,4,0.6687368914743417,0.6462399638972895,mouth,1.220677099005383,0.9117647058823529,0.38235294117647056,1.0,,1.0,0.815877088754305,,A,independent_prediction,0.912,0.912,,255,provisional_no_probe_exposure_normalized
face_detail_nose_ridge_def,signed,2,0.6915822217896169,0.6075454111447706,nose,1.1855786408506437,0.6764705882352942,0.47058823529411764,1.0,,1.0,0.4037645914936515,,B,local_region_head,0.676,0.676,,256,provisional_no_probe_exposure_normalized
face_detail_nose_tip_def,categorical,1,0.7234682492102196,0.6773871700499643,nose,1.109043879459317,0.5882352941176471,0.4117647058823529,1.0,,1.0,0.40518418227921477,,B,strength_only,0.588,0.0,,256,provisional_no_probe_exposure_normalized
face_detail_temple_def,categorical,1,0.8890020799780175,0.6632176546575813,cheeks,0.818844271919874,0.4117647058823529,0.35294117647058826,1.0,,1.0,0.20638511494272163,,C,strength_only,0.412,0.0,,256,provisional_no_probe_exposure_normalized
gene_bs_cheek_forward,signed,2,0.7675689656780301,0.8780598478511941,cheeks,1.7360491393578181,1.0,0.6176470588235294,1.0,,1.0,1.2321748389737768,,A,independent_prediction,1.0,1.0,,255,provisional_no_probe_exposure_normalized
gene_bs_cheek_height,signed,2,0.76429680014204,0.762666330617905,cheeks,1.502767885711369,1.0,0.6176470588235294,1.0,,1.0,1.0372434367767944,,A,independent_prediction,1.0,1.0,,255,provisional_no_probe_exposure_normalized
gene_bs_cheek_width,signed,2,0.8550810515991905,0.7129815274567778,cheeks,1.618757387428252,1.0,0.5588235294117647,1.0,,1.0,1.0705395575048475,,A,independent_prediction,1.0,1.0,,255,provisional_no_probe_exposure_normalized
gene_bs_ear_angle,signed,2,0.89579940435666,0.7704420405316293,ears,1.8562037937289615,0.9411764705882353,0.5588235294117647,1.0,,1.0,0.9270216682698204,,A,independent_prediction,0.941,0.941,,255,provisional_no_probe_exposure_normalized
gene_bs_ear_bend,categorical,3,0.8724544604252847,0.6020197156693997,ears,1.5570663806186316,0.7647058823529411,0.5294117647058824,1.0,,1.0,0.3843444873829435,,B,local_region_head,0.765,0.765,,256,provisional_no_probe_exposure_normalized
gene_bs_ear_inner_shape,categorical,1,0.6482042075861674,0.5170898092023131,ears,0.9190860552400602,0.47058823529411764,0.35294117647058826,1.0,,1.0,0.4226445226527039,,C,strength_only,0.471,0.0,,256,provisional_no_probe_exposure_normalized
gene_bs_ear_outward,signed,2,1.000010162041253,0.6716877359415792,ears,1.7640397074344032,0.7941176470588236,0.6470588235294118,1.0,,1.0,0.4319868019620101,,B,local_region_head,0.794,0.794,,256,provisional_no_probe_exposure_normalized
gene_bs_ear_size,signed,2,0.8855472068275605,0.7424543449711749,ears,1.703251692105265,0.8529411764705882,0.5588235294117647,1.0,,1.0,0.7067362498768959,,A,independent_prediction,0.853,0.853,,255,provisional_no_probe_exposure_normalized
gene_bs_eye_corner_depth,signed,2,0.82224066650436,0.684126715589642,eyes,1.5542187330306088,0.8529411764705883,0.5,1.0,,1.0,0.8156210893776744,,A,independent_prediction,0.853,0.853,,255,provisional_no_probe_exposure_normalized
gene_bs_eye_fold_shape,categorical,3,0.77996780789553,0.6860441115187452,eyes,1.5550985511019224,0.7843137254901961,0.4313725490196078,1.0,,1.0,0.6040042097415986,,B,local_region_head,0.784,0.784,,256,provisional_no_probe_exposure_normalized
gene_bs_eye_size,signed,2,0.9615012272431465,0.8609641993521754,eyes,1.94731765540485,0.9117647058823529,0.7058823529411764,1.0,,1.0,0.9004685015381414,,A,independent_prediction,0.912,0.912,,255,provisional_no_probe_exposure_normalized
gene_bs_eye_upper_lid_size,signed,2,0.5704761854472048,0.4127323991692401,eyes,1.9518375508497918,0.7352941176470589,0.6764705882352942,1.0,,1.0,0.3347002488917226,,B,local_region_head,0.735,0.735,,256,provisional_no_probe_exposure_normalized
gene_bs_forehead_brow_curve,signed,2,0.897748716964192,0.8551854598594701,eyes,2.166084262222398,1.0,0.9117647058823529,1.0,,1.0,1.312768654609223,,A,independent_prediction,1.0,1.0,,128,provisional_no_probe_exposure_normalized
gene_bs_forehead_brow_forward,signed,2,0.9355678971343078,0.9475620471861375,eyes,2.8404160781456307,1.0,0.8823529411764706,1.0,,1.0,1.574324926808245,,A,independent_prediction,1.0,1.0,,128,provisional_no_probe_exposure_normalized
gene_bs_forehead_brow_inner_height,signed,2,1.0034881261418662,0.8294457691603863,eyes,2.903580982915659,1.0,0.9411764705882353,1.0,,1.0,1.4991843779670877,,A,independent_prediction,1.0,1.0,,128,provisional_no_probe_exposure_normalized
gene_bs_forehead_brow_outer_height,signed,2,0.966863733247707,0.8306466314234624,eyes,3.298487117975502,1.0,0.9705882352941176,1.0,,1.0,1.4786483674894857,,A,independent_prediction,1.0,1.0,,128,provisional_no_probe_exposure_normalized
gene_bs_forehead_brow_width,signed,2,0.5990471655260163,0.4298703932043356,eyes,1.9924332931326623,1.0,0.8235294117647058,1.0,,1.0,1.1098589293880126,,A,independent_prediction,1.0,1.0,,128,provisional_no_probe_exposure_normalized
gene_bs_jaw_def,signed,2,0.6436120245122714,0.6469676696877749,jaw,1.0942295886846696,0.6470588235294117,0.35294117647058826,1.0,,1.0,0.3805113668989255,,B,local_region_head,0.647,0.647,,256,provisional_no_probe_exposure_normalized
gene_bs_mouth_lower_lip_def,categorical,1,0.6551763698210773,0.6216851776103857,mouth,0.9782358627117045,0.47058823529411764,0.35294117647058826,1.0,,1.0,0.34694724090373846,,C,strength_only,0.471,0.0,,256,provisional_no_probe_exposure_normalized
gene_bs_mouth_lower_lip_full,signed,2,0.5945095838351648,0.5466029981938588,mouth,0.9616669545192159,0.47058823529411764,0.38235294117647056,1.0,,1.0,0.30825890490329616,,C,conditioned_local_head,0.471,0.471,,256,provisional_no_probe_exposure_normalized
gene_bs_mouth_lower_lip_pad,signed,2,0.6168923052689455,0.5968731010447832,mouth,1.006342956546599,0.47058823529411764,0.38235294117647056,1.0,,1.0,0.3751008390726074,,C,conditioned_local_head,0.471,0.471,,256,provisional_no_probe_exposure_normalized
gene_bs_mouth_lower_lip_width,signed,2,0.5912975771663763,0.5261969690686603,mouth,0.9646282087206666,0.4411764705882353,0.35294117647058826,1.0,,1.0,0.41001770790115427,,C,conditioned_local_head,0.441,0.441,,256,provisional_no_probe_exposure_normalized
gene_bs_mouth_philtrum_def,categorical,1,0.5875322456490404,0.5740925518684791,mouth,0.833162853203192,0.35294117647058826,0.35294117647058826,1.0,,1.0,0.1883868191832689,,C,strength_only,0.353,0.0,,256,provisional_no_probe_exposure_normalized
gene_bs_mouth_philtrum_shape,signed,2,0.5480124303921003,0.5044294930588542,mouth,0.7195789829972238,0.35294117647058826,0.35294117647058826,1.0,,1.0,0.14583588612356774,,C,conditioned_local_head,0.353,0.353,,256,provisional_no_probe_exposure_normalized
gene_bs_mouth_philtrum_width,signed,2,0.5086205959260289,0.48572476792187397,mouth,0.7414968858514901,0.35294117647058826,0.35294117647058826,1.0,,1.0,0.240628316095198,,C,conditioned_local_head,0.353,0.353,,256,provisional_no_probe_exposure_normalized
gene_bs_mouth_upper_lip_def,categorical,1,0.6930901826176228,0.6746620341851158,mouth,0.930626734215207,0.47058823529411764,0.4117647058823529,1.0,,1.0,0.23934675533369662,,C,strength_only,0.471,0.0,,256,provisional_no_probe_exposure_normalized
gene_bs_mouth_upper_lip_full,signed,2,0.5397640119647318,0.5175771597766025,mouth,0.8741371812089713,0.4117647058823529,0.35294117647058826,1.0,,1.0,0.40703521339905474,,C,conditioned_local_head,0.412,0.412,,256,provisional_no_probe_exposure_normalized
gene_bs_mouth_upper_lip_profile,signed,2,0.48622211976113794,0.4712475678613124,mouth,0.7333351958385053,0.4117647058823529,0.35294117647058826,1.0,,1.0,0.1889621173442282,,C,conditioned_local_head,0.412,0.412,,256,provisional_no_probe_exposure_normalized
gene_bs_mouth_upper_lip_width,signed,2,0.6287127348655822,0.6042027155987617,mouth,1.2620391280883652,0.6470588235294118,0.4411764705882353,1.0,,1.0,0.5949590294432049,,B,local_region_head,0.647,0.647,,256,provisional_no_probe_exposure_normalized
gene_bs_nose_forward,signed,2,0.9910314660007549,1.207153256313639,nose,3.2208340727925213,1.0,1.0,1.0,,1.0,2.4025892845508205,,A,independent_prediction,1.0,1.0,,128,provisional_no_probe_exposure_normalized
gene_bs_nose_height,signed,2,1.0726259660696131,0.9369936506554213,nose,3.0019833777919525,1.0,1.0,1.0,,1.0,1.9549394801149593,,A,independent_prediction,1.0,1.0,,128,provisional_no_probe_exposure_normalized
gene_bs_nose_length,signed,2,0.8703864119011451,0.9782660395492612,nose,2.588464299406719,1.0,1.0,1.0,,1.0,1.8569447160864025,,A,independent_prediction,1.0,1.0,,128,provisional_no_probe_exposure_normalized
gene_bs_nose_nostril_height,signed,2,0.4949967478092745,0.4055916301308222,nose,1.2165910442599586,0.6176470588235294,0.4411764705882353,1.0,,1.0,0.6965886142617712,,B,local_region_head,0.618,0.618,,256,provisional_no_probe_exposure_normalized
gene_bs_nose_nostril_width,signed,2,0.8832199995949588,0.7348003148752131,nose,1.8271282297126834,0.8823529411764706,0.7647058823529411,1.0,,1.0,0.8537297529310948,,A,independent_prediction,0.882,0.882,,255,provisional_no_probe_exposure_normalized
gene_bs_nose_profile,categorical,4,0.7861668334484109,0.8347364882275543,nose,1.6070772544842533,0.8529411764705882,0.5294117647058824,1.0,,1.0,0.6473852841281708,,A,independent_prediction,0.853,0.853,,255,provisional_no_probe_exposure_normalized
gene_bs_nose_ridge_angle,signed,2,0.7948816390111221,0.8117064963221929,nose,1.9613455396472124,1.0,0.6470588235294118,1.0,,1.0,1.1850266056700534,,A,independent_prediction,1.0,1.0,,255,provisional_no_probe_exposure_normalized
gene_bs_nose_ridge_width,signed,2,0.6150479638497872,0.5003941782395707,nose,1.1773646988951736,0.7941176470588236,0.38235294117647056,1.0,,1.0,0.64209968011367,,B,local_region_head,0.794,0.794,,256,provisional_no_probe_exposure_normalized
gene_bs_nose_size,signed,2,0.7597518212310097,0.6829802203239862,nose,2.0170743987235262,0.9705882352941176,0.6764705882352942,1.0,,1.0,0.9745425621545697,,A,independent_prediction,0.971,0.971,,255,provisional_no_probe_exposure_normalized
gene_bs_nose_tip_angle,signed,2,0.5573337186020957,0.4941396184934958,nose,1.5536324812421038,0.9411764705882353,0.47058823529411764,1.0,,1.0,0.9318129431234138,,A,independent_prediction,0.941,0.941,,255,provisional_no_probe_exposure_normalized
gene_bs_nose_tip_forward,signed,2,0.7275841772272107,0.7835197319208052,nose,1.4599180334843085,0.8235294117647058,0.47058823529411764,1.0,,1.0,0.6163864731258375,,A,independent_prediction,0.824,0.824,,255,provisional_no_probe_exposure_normalized
gene_bs_nose_tip_width,signed,2,0.678854122425057,0.5792707667978718,nose,1.1911361916597885,0.6470588235294118,0.38235294117647056,1.0,,1.0,0.4910827945200158,,B,local_region_head,0.647,0.647,,256,provisional_no_probe_exposure_normalized
gene_chin_forward,scalar_alias,2,0.7832924459454227,0.8458981041072198,chin,1.9704889163305292,0.9411764705882353,0.8529411764705882,1.0,,1.0,0.9088082332102039,gene_chin_forward:negative=positive,D,merge_alleles_scalar,0.941,0.0,0.941,128,provisional_no_probe_exposure_normalized
gene_chin_height,scalar_alias,2,0.935623839526946,0.7955589138032613,chin,2.449628105703665,1.0,0.9117647058823529,1.0,,1.0,1.3350319131723827,gene_chin_height:negative=positive,D,merge_alleles_scalar,1.0,0.0,1.0,128,provisional_no_probe_exposure_normalized
gene_chin_width,scalar_alias,2,0.8538218762485541,0.7603895545896997,chin,2.105953844752817,0.9705882352941176,0.5588235294117647,1.0,,1.0,0.9100467213853876,gene_chin_width:negative=positive,D,merge_alleles_scalar,0.971,0.0,0.971,255,provisional_no_probe_exposure_normalized
gene_eye_angle,scalar_alias,2,1.1773265831353106,0.9859705815038459,eyes,3.658684013215094,1.0,1.0,1.0,,1.0,2.022612988837001,gene_eye_angle:negative=positive,D,merge_alleles_scalar,1.0,0.0,1.0,128,provisional_no_probe_exposure_normalized
gene_eye_depth,scalar_alias,2,0.8807286202937821,0.9860138900517887,eyes,3.1107235442651775,1.0,0.9705882352941176,1.0,,1.0,1.479462612956868,gene_eye_depth:negative=positive,D,merge_alleles_scalar,1.0,0.0,1.0,128,provisional_no_probe_exposure_normalized
gene_eye_distance,scalar_alias,2,1.55453932698205,1.049989885112006,eyes,5.373191224365804,1.0,1.0,1.0,,1.0,3.1221924947698616,gene_eye_distance:negative=positive,D,merge_alleles_scalar,1.0,0.0,1.0,128,provisional_no_probe_exposure_normalized
gene_eye_height,scalar_alias,2,2.5212191724454494,1.9424617621507316,eyes,8.519766074462526,1.0,1.0,1.0,,1.0,5.345132802499529,gene_eye_height:negative=positive,D,merge_alleles_scalar,1.0,0.0,1.0,128,provisional_no_probe_exposure_normalized
gene_eye_shut,scalar_alias,2,0.7322890204168468,0.5376087811347867,eyes,2.1283619762955026,0.9705882352941176,0.9705882352941176,1.0,,1.0,0.9612311029329953,gene_eye_shut:negative=positive,D,merge_alleles_scalar,0.971,0.0,0.971,128,provisional_no_probe_exposure_normalized
gene_forehead_angle,scalar_alias,2,2.622549867209601,2.002556276723605,forehead,6.534513633844909,1.0,1.0,1.0,,1.0,3.728004793036835,gene_forehead_angle:negative=positive,D,merge_alleles_scalar,1.0,0.0,1.0,128,provisional_no_probe_exposure_normalized
gene_forehead_brow_height,signed,2,1.968694639823764,1.507405489330041,eyes,6.307210742605911,1.0,1.0,1.0,,1.0,3.9182896839413077,,A,independent_prediction,1.0,1.0,,128,provisional_no_probe_exposure_normalized
gene_forehead_height,scalar_alias,2,1.3793602158669591,1.1625139072137687,forehead,2.78866160869281,1.0,1.0,1.0,,1.0,1.9027788534005179,gene_forehead_height:negative=positive,D,merge_alleles_scalar,1.0,0.0,1.0,128,provisional_no_probe_exposure_normalized
gene_forehead_roundness,scalar_alias,2,1.2471631040985713,1.0258007403752432,forehead,3.4391058101748064,1.0,1.0,1.0,,1.0,2.334444885716864,gene_forehead_roundness:negative=positive,D,merge_alleles_scalar,1.0,0.0,1.0,128,provisional_no_probe_exposure_normalized
gene_forehead_width,scalar_alias,2,1.0815692525638463,0.7964337102052512,forehead,2.558950059682328,1.0,1.0,1.0,,1.0,1.6322034744448723,gene_forehead_width:negative=positive,D,merge_alleles_scalar,1.0,0.0,1.0,128,provisional_no_probe_exposure_normalized
gene_head_height,scalar_alias,2,7.986391073016833,6.571341189324768,head,7.475941140152882,1.0,1.0,1.0,,1.0,4.584798926966237,gene_head_height:negative=positive,D,merge_alleles_scalar,1.0,0.0,1.0,128,provisional_no_probe_exposure_normalized
gene_head_profile,scalar_alias,2,3.443057252781837,3.5207962577375094,head,3.997754936776032,1.0,1.0,1.0,,1.0,2.5236197570323395,gene_head_profile:negative=positive,D,merge_alleles_scalar,1.0,0.0,1.0,128,provisional_no_probe_exposure_normalized
gene_head_top_height,scalar_alias,2,2.9351331998912054,2.337541029642769,head,3.104226706508022,1.0,1.0,1.0,,1.0,1.684730266644834,gene_head_top_height:negative=positive,D,merge_alleles_scalar,1.0,0.0,1.0,128,provisional_no_probe_exposure_normalized
gene_head_top_width,scalar_alias,2,2.073108698626777,1.0979013269897362,head,1.947098060594172,1.0,0.7352941176470589,1.0,,1.0,1.163300939726971,gene_head_top_width:negative=positive,D,merge_alleles_scalar,1.0,0.0,1.0,255,provisional_no_probe_exposure_normalized
gene_head_width,scalar_alias,2,4.431940624212061,2.5246320312803885,head,4.0799060902209145,1.0,1.0,1.0,,1.0,2.382211160612956,gene_head_width:negative=positive,D,merge_alleles_scalar,1.0,0.0,1.0,128,provisional_no_probe_exposure_normalized
gene_jaw_angle,scalar_alias,2,1.4376827330774624,1.5648348227481839,jaw,2.8622633369767634,1.0,1.0,1.0,,1.0,1.23501491490837,gene_jaw_angle:negative=positive,D,merge_alleles_scalar,1.0,0.0,1.0,128,provisional_no_probe_exposure_normalized
gene_jaw_forward,scalar_alias,2,1.1933860091068131,1.9729694658997214,jaw,2.812700567121648,1.0,0.9411764705882353,1.0,,1.0,1.5131205526946785,gene_jaw_forward:negative=positive,D,merge_alleles_scalar,1.0,0.0,1.0,128,provisional_no_probe_exposure_normalized
gene_jaw_height,scalar_alias,2,1.6765505112885113,1.6285333723253113,jaw,3.0515221466412563,1.0,1.0,1.0,,1.0,1.5404341977438656,gene_jaw_height:negative=positive,D,merge_alleles_scalar,1.0,0.0,1.0,128,provisional_no_probe_exposure_normalized
gene_jaw_width,scalar_alias,2,1.607031988971207,1.1820233669676048,jaw,2.3533522822416204,1.0,1.0,1.0,,1.0,1.2322247903591155,gene_jaw_width:negative=positive,D,merge_alleles_scalar,1.0,0.0,1.0,128,provisional_no_probe_exposure_normalized
gene_mouth_corner_depth,scalar_alias,2,0.6912952758710132,0.7382800446315649,mouth,1.5998595095273636,1.0,0.47058823529411764,1.0,,1.0,1.0586838484927865,gene_mouth_corner_depth:negative=positive,D,merge_alleles_scalar,1.0,0.0,1.0,255,provisional_no_probe_exposure_normalized
gene_mouth_corner_height,scalar_alias,2,0.9641943583119903,0.8515669526144889,mouth,2.6694951151960824,1.0,1.0,1.0,,1.0,1.786966558858892,gene_mouth_corner_height:negative=positive,D,merge_alleles_scalar,1.0,0.0,1.0,128,provisional_no_probe_exposure_normalized
gene_mouth_forward,scalar_alias,2,0.9264039175343051,0.9863966712276997,mouth,2.9951890138975372,1.0,1.0,1.0,,1.0,2.0507100619667815,gene_mouth_forward:negative=positive,D,merge_alleles_scalar,1.0,0.0,1.0,128,provisional_no_probe_exposure_normalized
gene_mouth_height,scalar_alias,2,1.0698227975920593,0.8336778779808394,mouth,3.4230196008677076,1.0,1.0,1.0,,1.0,2.7602854522251534,gene_mouth_height:negative=positive,D,merge_alleles_scalar,1.0,0.0,1.0,128,provisional_no_probe_exposure_normalized
gene_mouth_lower_lip_size,scalar_alias,2,0.772137660010755,0.6016755041522871,mouth,2.5125729175418625,1.0,1.0,1.0,,1.0,1.7675560770931327,gene_mouth_lower_lip_size:negative=positive,D,merge_alleles_scalar,1.0,0.0,1.0,128,provisional_no_probe_exposure_normalized
gene_mouth_open,scalar_alias,2,1.0757068707434994,0.8878975297858129,mouth,2.912551451979162,1.0,0.11764705882352941,1.0,,1.0,2.2255202870318844,gene_mouth_open:negative=positive,D,merge_alleles_scalar,1.0,0.0,1.0,255,provisional_no_probe_exposure_normalized
gene_mouth_upper_lip_size,signed,2,0.7387867507097052,0.5599042806639813,mouth,2.462123468161765,1.0,1.0,1.0,,1.0,1.6746715366712812,gene_mouth_upper_lip_size:mid_high_alias_low_strength_context,C,piecewise_signed_with_visibility_mask,1.0,1.0,,128,provisional_no_probe_exposure_normalized
gene_mouth_width,scalar_alias,2,1.2036365139721878,0.908573563885004,mouth,3.814856896351292,1.0,0.9705882352941176,1.0,,1.0,2.7530929974863776,gene_mouth_width:negative=positive,D,merge_alleles_scalar,1.0,0.0,1.0,128,provisional_no_probe_exposure_normalized
gene_neck_length,scalar_alias,2,5.919557739168123,4.55118944139775,neck,6.925203379492578,1.0,1.0,0.0,,0.5,5.366934911886992,gene_neck_length:negative=positive,D,merge_alleles_scalar,1.0,0.0,1.0,128,provisional_no_probe_exposure_normalized
gene_neck_width,scalar_alias,2,1.8928877124718728,0.9603858460624515,neck,3.789746007807884,1.0,1.0,1.0,,1.0,2.6344734649745445,gene_neck_width:negative=positive,D,merge_alleles_scalar,1.0,0.0,1.0,128,provisional_no_probe_exposure_normalized
