base_id,region,view,ssim_noise_p95,edge_noise_p95,highpass_noise_p95,baseline_pair_count,bit_exact_baseline
race_00_face_21039,cheeks,front,0.0005,0.001,0.002,10,True
race_00_face_21039,cheeks,side,0.0005,0.001,0.002,10,True
race_00_face_21039,chin,front,0.0005,0.001,0.002,10,True
race_00_face_21039,chin,side,0.0005,0.001,0.002,10,True
race_00_face_21039,ears,front,0.0005,0.001,0.002,10,True
race_00_face_21039,ears,side,0.0005,0.001,0.002,10,True
race_00_face_21039,eyes,front,0.0005,0.001,0.002,10,True
race_00_face_21039,eyes,side,0.0005,0.001,0.002,10,True
race_00_face_21039,forehead,front,0.0005,0.001,0.002,10,True
race_00_face_21039,forehead,side,0.0005,0.001,0.002,10,True
race_00_face_21039,head,front,0.0005,0.001,0.002,10,True
race_00_face_21039,head,side,0.0005,0.001,0.002,10,True
race_00_face_21039,jaw,front,0.0005,0.001,0.002,10,True
race_00_face_21039,jaw,side,0.0005,0.001,0.002,10,True
race_00_face_21039,mouth,front,0.0005,0.001,0.002,10,True
race_00_face_21039,mouth,side,0.0005,0.001,0.002,10,True
race_00_face_21039,neck,front,0.0005,0.001,0.002,10,True
race_00_face_21039,neck,side,0.0005,0.001,0.002,10,True
race_00_face_21039,nose,front,0.0005,0.001,0.002,10,True
race_00_face_21039,nose,side,0.0005,0.001,0.002,10,True
race_01_face_45219,cheeks,front,0.0005,0.001,0.002,10,True
race_01_face_45219,cheeks,side,0.0005,0.001,0.002,10,True
race_01_face_45219,chin,front,0.0005,0.001,0.002,10,True
race_01_face_45219,chin,side,0.0005,0.001,0.002,10,True
race_01_face_45219,ears,front,0.0005,0.001,0.002,10,True
race_01_face_45219,ears,side,0.0005,0.001,0.002,10,True
race_01_face_45219,eyes,front,0.0005,0.001,0.002,10,True
race_01_face_45219,eyes,side,0.0005,0.001,0.002,10,True
race_01_face_45219,forehead,front,0.0005,0.001,0.002,10,True
race_01_face_45219,forehead,side,0.0005,0.001,0.002,10,True
race_01_face_45219,head,front,0.0005,0.001,0.002,10,True
race_01_face_45219,head,side,0.0005,0.001,0.002,10,True
race_01_face_45219,jaw,front,0.0005,0.001,0.002,10,True
race_01_face_45219,jaw,side,0.0005,0.001,0.002,10,True
race_01_face_45219,mouth,front,0.0005,0.001,0.002,10,True
race_01_face_45219,mouth,side,0.0005,0.001,0.002,10,True
race_01_face_45219,neck,front,0.0005,0.001,0.002,10,True
race_01_face_45219,neck,side,0.0005,0.001,0.002,10,True
race_01_face_45219,nose,front,0.0005,0.001,0.002,10,True
race_01_face_45219,nose,side,0.0005,0.001,0.002,10,True
race_02_face_65091,cheeks,front,0.0005,0.001,0.002,10,True
race_02_face_65091,cheeks,side,0.0005,0.001,0.002,10,True
race_02_face_65091,chin,front,0.0005,0.001,0.002,10,True
race_02_face_65091,chin,side,0.0005,0.001,0.002,10,True
race_02_face_65091,ears,front,0.0005,0.001,0.002,10,True
race_02_face_65091,ears,side,0.0005,0.001,0.002,10,True
race_02_face_65091,eyes,front,0.0005,0.001,0.002,10,True
race_02_face_65091,eyes,side,0.0005,0.001,0.002,10,True
race_02_face_65091,forehead,front,0.0005,0.001,0.002,10,True
race_02_face_65091,forehead,side,0.0005,0.001,0.002,10,True
race_02_face_65091,head,front,0.0005,0.001,0.002,10,True
race_02_face_65091,head,side,0.0005,0.001,0.002,10,True
race_02_face_65091,jaw,front,0.0005,0.001,0.002,10,True
race_02_face_65091,jaw,side,0.0005,0.001,0.002,10,True
race_02_face_65091,mouth,front,0.0005,0.001,0.002,10,True
race_02_face_65091,mouth,side,0.0005,0.001,0.002,10,True
race_02_face_65091,neck,front,0.0005,0.001,0.002,10,True
race_02_face_65091,neck,side,0.0005,0.001,0.002,10,True
race_02_face_65091,nose,front,0.0005,0.001,0.002,10,True
race_02_face_65091,nose,side,0.0005,0.001,0.002,10,True
race_03_face_110476,cheeks,front,0.0005,0.001,0.002,10,True
race_03_face_110476,cheeks,side,0.0005,0.001,0.002,10,True
race_03_face_110476,chin,front,0.0005,0.001,0.002,10,True
race_03_face_110476,chin,side,0.0005,0.001,0.002,10,True
race_03_face_110476,ears,front,0.0005,0.001,0.002,10,True
race_03_face_110476,ears,side,0.0005,0.001,0.002,10,True
race_03_face_110476,eyes,front,0.0005,0.001,0.002,10,True
race_03_face_110476,eyes,side,0.0005,0.001,0.002,10,True
race_03_face_110476,forehead,front,0.0005,0.001,0.002,10,True
race_03_face_110476,forehead,side,0.0005,0.001,0.002,10,True
race_03_face_110476,head,front,0.0005,0.001,0.002,10,True
race_03_face_110476,head,side,0.0005,0.001,0.002,10,True
race_03_face_110476,jaw,front,0.0005,0.001,0.002,10,True
race_03_face_110476,jaw,side,0.0005,0.001,0.002,10,True
race_03_face_110476,mouth,front,0.0005,0.001,0.002,10,True
race_03_face_110476,mouth,side,0.0005,0.001,0.002,10,True
race_03_face_110476,neck,front,0.0005,0.001,0.002,10,True
race_03_face_110476,neck,side,0.0005,0.001,0.002,10,True
race_03_face_110476,nose,front,0.0005,0.001,0.002,10,True
race_03_face_110476,nose,side,0.0005,0.001,0.002,10,True
race_04_face_127236,cheeks,front,0.0005,0.001,0.002,10,True
race_04_face_127236,cheeks,side,0.0005,0.001,0.002,10,True
race_04_face_127236,chin,front,0.0005,0.001,0.002,10,True
race_04_face_127236,chin,side,0.0005,0.001,0.002,10,True
race_04_face_127236,ears,front,0.0005,0.001,0.002,10,True
race_04_face_127236,ears,side,0.0005,0.001,0.002,10,True
race_04_face_127236,eyes,front,0.0005,0.001,0.002,10,True
race_04_face_127236,eyes,side,0.0005,0.001,0.002,10,True
race_04_face_127236,forehead,front,0.0005,0.001,0.002,10,True
race_04_face_127236,forehead,side,0.0005,0.001,0.002,10,True
race_04_face_127236,head,front,0.0005,0.001,0.002,10,True
race_04_face_127236,head,side,0.0005,0.001,0.002,10,True
race_04_face_127236,jaw,front,0.0005,0.001,0.002,10,True
race_04_face_127236,jaw,side,0.0005,0.001,0.002,10,True
race_04_face_127236,mouth,front,0.0005,0.001,0.002,10,True
race_04_face_127236,mouth,side,0.0005,0.001,0.002,10,True
race_04_face_127236,neck,front,0.0005,0.001,0.002,10,True
race_04_face_127236,neck,side,0.0005,0.001,0.002,10,True
race_04_face_127236,nose,front,0.0005,0.001,0.002,10,True
race_04_face_127236,nose,side,0.0005,0.001,0.002,10,True
race_05_face_175238,cheeks,front,0.0005,0.001,0.002,10,True
race_05_face_175238,cheeks,side,0.0005,0.001,0.002,10,True
race_05_face_175238,chin,front,0.0005,0.001,0.002,10,True
race_05_face_175238,chin,side,0.0005,0.001,0.002,10,True
race_05_face_175238,ears,front,0.0005,0.001,0.002,10,True
race_05_face_175238,ears,side,0.0005,0.001,0.002,10,True
race_05_face_175238,eyes,front,0.0005,0.001,0.002,10,True
race_05_face_175238,eyes,side,0.0005,0.001,0.002,10,True
race_05_face_175238,forehead,front,0.0005,0.001,0.002,10,True
race_05_face_175238,forehead,side,0.0005,0.001,0.002,10,True
race_05_face_175238,head,front,0.0005,0.001,0.002,10,True
race_05_face_175238,head,side,0.0005,0.001,0.002,10,True
race_05_face_175238,jaw,front,0.0005,0.001,0.002,10,True
race_05_face_175238,jaw,side,0.0005,0.001,0.002,10,True
race_05_face_175238,mouth,front,0.0005,0.001,0.002,10,True
race_05_face_175238,mouth,side,0.0005,0.001,0.002,10,True
race_05_face_175238,neck,front,0.0005,0.001,0.002,10,True
race_05_face_175238,neck,side,0.0005,0.001,0.002,10,True
race_05_face_175238,nose,front,0.0005,0.001,0.002,10,True
race_05_face_175238,nose,side,0.0005,0.001,0.002,10,True
race_06_face_201038,cheeks,front,0.002499818801879883,0.0023345535155385733,0.006726008374243975,10,False
race_06_face_201038,cheeks,side,0.003776371479034424,0.00267464155331254,0.00821315124630928,10,False
race_06_face_201038,chin,front,0.004185795783996582,0.0029517021030187607,0.008967913687229156,10,False
race_06_face_201038,chin,side,0.004083096981048584,0.0026100666727870703,0.00759707298129797,10,False
race_06_face_201038,ears,front,0.0022077560424804688,0.0021843838039785624,0.006144728511571884,10,False
race_06_face_201038,ears,side,0.006386458873748779,0.003061848459765315,0.009377713315188885,10,False
race_06_face_201038,eyes,front,0.0023349523544311523,0.002614129800349474,0.0077857752330601215,10,False
race_06_face_201038,eyes,side,0.0025440454483032227,0.002078189281746745,0.0062383683398365974,10,False
race_06_face_201038,forehead,front,0.0031174421310424805,0.0023230621591210365,0.006712774280458689,10,False
race_06_face_201038,forehead,side,0.003695964813232422,0.0022149397991597652,0.006505598779767752,10,False
race_06_face_201038,head,front,0.0026386380195617676,0.0021047075279057026,0.005899687763303518,10,False
race_06_face_201038,head,side,0.003615856170654297,0.0022359895519912243,0.006484171841293573,10,False
race_06_face_201038,jaw,front,0.002837657928466797,0.0022786518093198538,0.006562097929418087,10,False
race_06_face_201038,jaw,side,0.0037131309509277344,0.002446467522531748,0.0072251902893185616,10,False
race_06_face_201038,mouth,front,0.003762543201446533,0.003084964118897915,0.009515593759715557,10,False
race_06_face_201038,mouth,side,0.0037564635276794434,0.0024050783831626177,0.007032416760921478,10,False
race_06_face_201038,neck,front,0.004112184047698975,0.002555579412728548,0.007588732056319714,10,False
race_06_face_201038,neck,side,0.00461423397064209,0.0028127727564424276,0.007975175976753235,10,False
race_06_face_201038,nose,front,0.0025535225868225098,0.002873128978535533,0.008759688585996628,10,False
race_06_face_201038,nose,side,0.0023111701011657715,0.002014073310419917,0.005852492526173592,10,False
race_07_face_210696,cheeks,front,0.005488604307174682,0.003381201287265867,0.009462418919429182,10,False
race_07_face_210696,cheeks,side,0.006862366199493408,0.003872916486579925,0.01166145377792418,10,False
race_07_face_210696,chin,front,0.007686060667037963,0.003950271243229509,0.011732617067173124,10,False
race_07_face_210696,chin,side,0.007601505517959593,0.003611192270182073,0.010453866282477974,10,False
race_07_face_210696,ears,front,0.004972514510154723,0.003157993941567838,0.008621410094201564,10,False
race_07_face_210696,ears,side,0.011451876163482665,0.004411716340109706,0.01293537807650864,10,False
race_07_face_210696,eyes,front,0.004716220498085021,0.0037681410904042423,0.011227603815495969,10,False
race_07_face_210696,eyes,side,0.005143693089485168,0.002975370001513511,0.008567542629316449,10,False
race_07_face_210696,forehead,front,0.006017521023750304,0.0031916910083964467,0.008985351771116257,10,False
race_07_face_210696,forehead,side,0.0065558582544326775,0.003011328459251672,0.008468640502542257,10,False
race_07_face_210696,head,front,0.005360448360443114,0.002952524391002953,0.007972981268540024,10,False
race_07_face_210696,head,side,0.006831973791122436,0.0031451639719307424,0.008778388611972332,10,False
race_07_face_210696,jaw,front,0.005806905031204223,0.0032010441296733915,0.008899150742217898,10,False
race_07_face_210696,jaw,side,0.007129761576652526,0.0035016889101825654,0.010138229327276349,10,False
race_07_face_210696,mouth,front,0.0076041251420974725,0.0044174153124913575,0.013542475691065191,10,False
race_07_face_210696,mouth,side,0.006766760349273681,0.0034393027890473604,0.009969396190717817,10,False
race_07_face_210696,neck,front,0.007443097233772277,0.0034004186163656414,0.009759979741647839,10,False
race_07_face_210696,neck,side,0.007685750722885131,0.00368188030552119,0.010571611672639846,10,False
race_07_face_210696,nose,front,0.005331987142562866,0.004418857535347343,0.01348540629260242,10,False
race_07_face_210696,nose,side,0.004448983073234557,0.0028880265774205325,0.008166206534951925,10,False
race_08_face_267756,cheeks,front,0.004977786540985107,0.0034653339767828583,0.009825530787929892,10,False
race_08_face_267756,cheeks,side,0.006677892804145813,0.0037134467158466576,0.011196374241262675,10,False
race_08_face_267756,chin,front,0.008767789602279662,0.0043983117677271364,0.013007348868995905,10,False
race_08_face_267756,chin,side,0.008454927802085876,0.003762946813367307,0.01056002234108746,10,False
race_08_face_267756,ears,front,0.004810062050819397,0.0031018137116916476,0.008661114331334829,10,False
race_08_face_267756,ears,side,0.012135994434356688,0.004420721926726401,0.012994710309430956,10,False
race_08_face_267756,eyes,front,0.005671283602714538,0.003981021256186068,0.012174408370628952,10,False
race_08_face_267756,eyes,side,0.005229118466377258,0.0029612733400426806,0.008364163804799318,10,False
race_08_face_267756,forehead,front,0.007454597949981689,0.003377258440013975,0.009617190342396498,10,False
race_08_face_267756,forehead,side,0.00743710994720459,0.003028331440873444,0.008311125682666898,10,False
race_08_face_267756,head,front,0.0058222591876983636,0.003003408305812627,0.008197012869641186,10,False
race_08_face_267756,head,side,0.007246163487434387,0.00314968132879585,0.008604804845526814,10,False
race_08_face_267756,jaw,front,0.005867666006088256,0.0032624735380522908,0.009165546530857683,10,False
race_08_face_267756,jaw,side,0.0071428328752517695,0.0033861320000141857,0.00959557513706386,10,False
race_08_face_267756,mouth,front,0.006581911444664001,0.004209453891962767,0.012771457154303788,10,False
race_08_face_267756,mouth,side,0.006049457192420959,0.003104073170106858,0.008900791499763727,10,False
race_08_face_267756,neck,front,0.00779740810394287,0.003526892955414951,0.010188498953357338,10,False
race_08_face_267756,neck,side,0.007852080464363097,0.003299025713931769,0.009293245058506728,10,False
race_08_face_267756,nose,front,0.005735477805137635,0.00456617462914437,0.013882613508030772,10,False
race_08_face_267756,nose,side,0.004467937350273132,0.0028584912535734473,0.007982996152713894,10,False
race_09_face_273355,cheeks,front,0.01435494720935821,0.005867646471597254,0.01605487708002329,10,False
race_09_face_273355,cheeks,side,0.018176394701004024,0.006257270462810993,0.01783402506262064,10,False
race_09_face_273355,chin,front,0.026241716742515554,0.007359986612573265,0.020581440068781376,10,False
race_09_face_273355,chin,side,0.028635141253471365,0.007436084607616066,0.020005715265870094,10,False
race_09_face_273355,ears,front,0.013586249947547906,0.005584624130278825,0.014957714453339576,10,False
race_09_face_273355,ears,side,0.036137178540229783,0.008072568196803331,0.022184036392718553,10,False
race_09_face_273355,eyes,front,0.009972202777862546,0.0056076276581734415,0.015925187058746813,10,False
race_09_face_273355,eyes,side,0.012351691722869868,0.004682794003747403,0.012866563210263847,10,False
race_09_face_273355,forehead,front,0.01607395708560943,0.005506881023757159,0.015246328618377446,10,False
race_09_face_273355,forehead,side,0.020133098959922782,0.005555896065197885,0.014570336882025003,10,False
race_09_face_273355,head,front,0.017072790861129755,0.005396122927777468,0.014137603156268596,10,False
race_09_face_273355,head,side,0.02238529920578002,0.005894630029797553,0.015339702367782593,10,False
race_09_face_273355,jaw,front,0.018185004591941827,0.005793347256258129,0.015481715230271219,10,False
race_09_face_273355,jaw,side,0.021796324849128714,0.006146051432006061,0.016663941740989684,10,False
race_09_face_273355,mouth,front,0.01877050399780273,0.00669793898705393,0.019462008960545063,10,False
race_09_face_273355,mouth,side,0.0211457073688507,0.006171777937561273,0.01685988688841462,10,False
race_09_face_273355,neck,front,0.02134578824043273,0.005604089051485061,0.0149114275816828,10,False
race_09_face_273355,neck,side,0.017693996429443352,0.005089745274744927,0.013501248322427273,10,False
race_09_face_273355,nose,front,0.010603317618370052,0.005976465134881437,0.017589569464325903,10,False
race_09_face_273355,nose,side,0.011930388212203975,0.0049348274711519475,0.01330002211034298,10,False
race_10_face_301860,cheeks,front,0.008807149529457091,0.004707588511519134,0.013074141414836048,10,False
race_10_face_301860,cheeks,side,0.011004710197448728,0.004735701554454863,0.013624146627262234,10,False
race_10_face_301860,chin,front,0.01590517163276672,0.00619094290304929,0.017921962775290012,10,False
race_10_face_301860,chin,side,0.019609218835830687,0.006133486307226121,0.016594256460666656,10,False
race_10_face_301860,ears,front,0.008433729410171507,0.004360917350277304,0.011836988152936101,10,False
race_10_face_301860,ears,side,0.021033713221549986,0.005718684010207653,0.016123554669320583,10,False
race_10_face_301860,eyes,front,0.007235094904899596,0.0048456905409693714,0.014359887549653649,10,False
race_10_face_301860,eyes,side,0.008141136169433592,0.0037148998002521695,0.010377614013850688,10,False
race_10_face_301860,forehead,front,0.011539569497108458,0.00453902930021286,0.012635253323242068,10,False
race_10_face_301860,forehead,side,0.013265869021415709,0.004241032223217189,0.011347104981541633,10,False
race_10_face_301860,head,front,0.01043490171432495,0.004267624043859541,0.011380120273679495,10,False
race_10_face_301860,head,side,0.014067807793617246,0.004487539222463965,0.011851025838404894,10,False
race_10_face_301860,jaw,front,0.010629245638847349,0.004562361934222281,0.012520095566287637,10,False
race_10_face_301860,jaw,side,0.01404321789741516,0.004822546592913568,0.013223151303827762,10,False
race_10_face_301860,mouth,front,0.010338059067726134,0.005343871749937534,0.016525736078619957,10,False
race_10_face_301860,mouth,side,0.011666536331176756,0.004473841935396195,0.012208250863477588,10,False
race_10_face_301860,neck,front,0.013557344675064085,0.004688890767283738,0.012863002484664321,10,False
race_10_face_301860,neck,side,0.0132939875125885,0.004574593924917281,0.012429096829146146,10,False
race_10_face_301860,nose,front,0.006862318515777587,0.005136451707221568,0.015760326478630304,10,False
race_10_face_301860,nose,side,0.007407605648040771,0.0037660156027413904,0.010219423333182931,10,False
race_11_face_330553,cheeks,front,0.009883224964141846,0.004790835548192263,0.013201341964304447,10,False
race_11_face_330553,cheeks,side,0.01109248399734497,0.004697280470281839,0.013859543949365616,10,False
race_11_face_330553,chin,front,0.016449391841888428,0.005973846651613712,0.016910865902900696,10,False
race_11_face_330553,chin,side,0.016893088817596436,0.005324633326381445,0.014594260603189468,10,False
race_11_face_330553,ears,front,0.009448409080505371,0.004401805344969034,0.011889907531440258,10,False
race_11_face_330553,ears,side,0.022820770740509033,0.0060853189788758755,0.017123393714427948,10,False
race_11_face_330553,eyes,front,0.007576942443847656,0.004725717939436436,0.01405524555593729,10,False
race_11_face_330553,eyes,side,0.009529948234558105,0.004091419745236635,0.011394934728741646,10,False
race_11_face_330553,forehead,front,0.011967182159423828,0.004651231225579977,0.01283941324800253,10,False
race_11_face_330553,forehead,side,0.016130387783050537,0.004695803392678499,0.01248008944094181,10,False
race_11_face_330553,head,front,0.01120615005493164,0.004389743786305189,0.011601116508245468,10,False
race_11_face_330553,head,side,0.015057086944580078,0.004696965217590332,0.012444676831364632,10,False
race_11_face_330553,jaw,front,0.011476337909698486,0.0044833216816186905,0.012219937518239021,10,False
race_11_face_330553,jaw,side,0.013377785682678223,0.00463679526001215,0.012889837846159935,10,False
race_11_face_330553,mouth,front,0.01047968864440918,0.005215642042458057,0.015595203265547752,10,False
race_11_face_330553,mouth,side,0.01033550500869751,0.0041152373887598515,0.011611681431531906,10,False
race_11_face_330553,neck,front,0.013589978218078613,0.00451764976605773,0.012343288399279118,10,False
race_11_face_330553,neck,side,0.010354042053222656,0.00370824639685452,0.010027809999883175,10,False
race_11_face_330553,nose,front,0.007786989212036133,0.005120194051414728,0.015513944439589977,10,False
race_11_face_330553,nose,side,0.007782340049743652,0.003907021135091782,0.010847816243767738,10,False
race_12_face_365482,cheeks,front,0.005923393368721008,0.0037109112949110564,0.010382793284952641,10,False
race_12_face_365482,cheeks,side,0.007484942674636839,0.0039009953616186976,0.011696272157132625,10,False
race_12_face_365482,chin,front,0.009424227476119993,0.004791845288127661,0.013972077146172523,10,False
race_12_face_365482,chin,side,0.01122266352176666,0.004542130790650844,0.012650811858475207,10,False
race_12_face_365482,ears,front,0.005451643466949462,0.0033212592592462894,0.00898177963681519,10,False
race_12_face_365482,ears,side,0.013766315579414365,0.004620620608329773,0.013571830140426755,10,False
race_12_face_365482,eyes,front,0.004782095551490783,0.0036714930552989244,0.01098810746334493,10,False
race_12_face_365482,eyes,side,0.005415770411491393,0.0029742586310021577,0.008502922439947724,10,False
race_12_face_365482,forehead,front,0.007117888331413268,0.0033050509402528403,0.009331026300787925,10,False
race_12_face_365482,forehead,side,0.008041843771934508,0.0032176577369682486,0.008839662792161107,10,False
race_12_face_365482,head,front,0.006482544541358946,0.003230911900755018,0.00863323425874114,10,False
race_12_face_365482,head,side,0.00873512029647827,0.003457972081378102,0.00942565556615591,10,False
race_12_face_365482,jaw,front,0.006935924291610716,0.003536982089281082,0.00986487972550094,10,False
race_12_face_365482,jaw,side,0.008667099475860593,0.003775622963439673,0.01077585807070136,10,False
race_12_face_365482,mouth,front,0.007621839642524718,0.004626760678365827,0.013890830567106605,10,False
race_12_face_365482,mouth,side,0.007952255010604857,0.003626046876888722,0.010324167553335428,10,False
race_12_face_365482,neck,front,0.0085132360458374,0.003654205822385847,0.010336689604446291,10,False
race_12_face_365482,neck,side,0.00789511501789093,0.00344154640333727,0.00969690252095461,10,False
race_12_face_365482,nose,front,0.004983896017074584,0.004222475574351847,0.012833684775978326,10,False
race_12_face_365482,nose,side,0.0048648715019226066,0.0030138238565996286,0.008412623638287186,10,False
race_13_face_397793,cheeks,front,0.020044511556625358,0.007548596477136015,0.020659253373742102,10,False
race_13_face_397793,cheeks,side,0.025505328178405753,0.00787714011967182,0.022179709002375602,10,False
race_13_face_397793,chin,front,0.031677398085594166,0.008993181865662335,0.025201955530792474,10,False
race_13_face_397793,chin,side,0.046891966462135296,0.009851613873615859,0.02617752272635698,10,False
race_13_face_397793,ears,front,0.02055823802947997,0.007187853823415934,0.0192019565962255,10,False
race_13_face_397793,ears,side,0.06511243283748624,0.012056201137602328,0.032184914126992224,10,False
race_13_face_397793,eyes,front,0.015777540206909173,0.007096825935877859,0.02030706061050296,10,False
race_13_face_397793,eyes,side,0.020220911502838126,0.006506345444358884,0.01763230813667178,10,False
race_13_face_397793,forehead,front,0.02795634567737578,0.007534473482519387,0.02058676918968558,10,False
race_13_face_397793,forehead,side,0.04417956471443174,0.008595881471410393,0.022069394588470456,10,False
race_13_face_397793,head,front,0.024302458763122547,0.006756734242662786,0.017672474309802053,10,False
race_13_face_397793,head,side,0.040473225712776166,0.008284236188046632,0.021266907546669243,10,False
race_13_face_397793,jaw,front,0.020084527134895315,0.006159706483595072,0.016555960848927496,10,False
race_13_face_397793,jaw,side,0.03342736959457396,0.00768283838406205,0.02065604906529188,10,False
race_13_face_397793,mouth,front,0.01804216504096984,0.007264983234927058,0.021165392454713584,10,False
race_13_face_397793,mouth,side,0.02764163613319396,0.007281135255470871,0.019917458947747945,10,False
race_13_face_397793,neck,front,0.01584032475948333,0.004690585006028413,0.012738672737032174,10,False
race_13_face_397793,neck,side,0.014599660038948054,0.004076484544202685,0.011033452674746513,10,False
race_13_face_397793,nose,front,0.012217324972152704,0.0066514840116724365,0.01952568329870701,10,False
race_13_face_397793,nose,side,0.018377837538719168,0.0065010123187676065,0.01754036545753479,10,False
race_14_face_430777,cheeks,front,0.007575741410255431,0.0038278819760307666,0.010240856045857071,10,False
race_14_face_430777,cheeks,side,0.009350928664207458,0.004182271892204881,0.011913746781647205,10,False
race_14_face_430777,chin,front,0.010720947384834287,0.004511445970274508,0.012462717294692992,10,False
race_14_face_430777,chin,side,0.012584161758422849,0.0044832325540483,0.011877753771841526,10,False
race_14_face_430777,ears,front,0.007335725426673888,0.003558708110358566,0.009293548297137022,10,False
race_14_face_430777,ears,side,0.01721168756484985,0.005028545623645186,0.014089175499975681,10,False
race_14_face_430777,eyes,front,0.005884459614753723,0.0038436414091847834,0.011282270587980748,10,False
race_14_face_430777,eyes,side,0.007019466161727904,0.0031761381193064152,0.008647234039381146,10,False
race_14_face_430777,forehead,front,0.009543627500534056,0.003589127957820892,0.010003835801035166,10,False
race_14_face_430777,forehead,side,0.010381183028221129,0.00344530763104558,0.009271501610055565,10,False
race_14_face_430777,head,front,0.008117061853408812,0.0034237774554640053,0.008809742890298365,10,False
race_14_face_430777,head,side,0.010567706823348998,0.003652296890504658,0.009534724382683634,10,False
race_14_face_430777,jaw,front,0.008284884691238403,0.0036516605527140197,0.009585214685648678,10,False
race_14_face_430777,jaw,side,0.01047544777393341,0.004013000463601202,0.010753362160176038,10,False
race_14_face_430777,mouth,front,0.008624526858329772,0.004618138587102294,0.013663308136165142,10,False
race_14_face_430777,mouth,side,0.010374322533607481,0.003876414848491549,0.010306754475459456,10,False
race_14_face_430777,neck,front,0.010199353098869322,0.0037408944219350813,0.010140952980145812,10,False
race_14_face_430777,neck,side,0.010231646895408628,0.003806621965486556,0.009961933363229036,10,False
race_14_face_430777,nose,front,0.007141688466072081,0.0044054852565750474,0.013438927195966243,10,False
race_14_face_430777,nose,side,0.006384310126304625,0.003212405601516366,0.00849352804943919,10,False
race_15_face_463512,cheeks,front,0.010085445642471312,0.004349820129573345,0.011504285829141736,10,False
race_15_face_463512,cheeks,side,0.012037453055381776,0.004431039374321699,0.01236450015567243,10,False
race_15_face_463512,chin,front,0.015572115778923035,0.005343439988791943,0.014693205058574677,10,False
race_15_face_463512,chin,side,0.017333918809890745,0.004996976628899574,0.013057880010455847,10,False
race_15_face_463512,ears,front,0.009861314296722412,0.004081281996332109,0.010536274919286371,10,False
race_15_face_463512,ears,side,0.022859787940979003,0.005416898638941348,0.014690963644534349,10,False
race_15_face_463512,eyes,front,0.007915878295898437,0.004571026400662958,0.014898596797138449,10,False
race_15_face_463512,eyes,side,0.009908029437065124,0.003796675824560225,0.010632750671356916,10,False
race_15_face_463512,forehead,front,0.014070746302604676,0.00448096280451864,0.013194077135995028,10,False
race_15_face_463512,forehead,side,0.016654106974601745,0.004451327165588737,0.011487055197358131,10,False
race_15_face_463512,head,front,0.012068063020706177,0.004159112274646759,0.010556620359420777,10,False
race_15_face_463512,head,side,0.016356483101844788,0.004449107125401497,0.01127891093492508,10,False
race_15_face_463512,jaw,front,0.011346742510795593,0.0041128078941255804,0.010789651283994317,10,False
race_15_face_463512,jaw,side,0.014168909192085266,0.004346559336408973,0.011440879618749022,10,False
race_15_face_463512,mouth,front,0.011228126287460326,0.005156414373777806,0.01477784439921379,10,False
race_15_face_463512,mouth,side,0.01173591911792755,0.003958122991025448,0.010426930757239461,10,False
race_15_face_463512,neck,front,0.014237472414970398,0.004355697170831263,0.011579658137634397,10,False
race_15_face_463512,neck,side,0.01449490487575531,0.004193147527985275,0.010811245674267412,10,False
race_15_face_463512,nose,front,0.007996612787246704,0.004979601921513676,0.015462156152352689,10,False
race_15_face_463512,nose,side,0.008395153284072875,0.003710453002713621,0.009576318925246597,10,False
race_16_face_496466,cheeks,front,0.006134390830993652,0.0037144983652979136,0.01048650685697794,10,False
race_16_face_496466,cheeks,side,0.007789254188537598,0.00394044304266572,0.011749197728931904,10,False
race_16_face_496466,chin,front,0.0120278000831604,0.005238939542323351,0.015658317133784294,10,False
race_16_face_496466,chin,side,0.011101007461547852,0.0046734800562262535,0.013164697214961052,10,False
race_16_face_496466,ears,front,0.005408763885498047,0.0033616742584854364,0.00923164002597332,10,False
race_16_face_496466,ears,side,0.014934539794921875,0.004805772565305233,0.014039956033229828,10,False
race_16_face_496466,eyes,front,0.004773557186126709,0.0038158870302140713,0.01171843335032463,10,False
race_16_face_496466,eyes,side,0.005737185478210449,0.0031310287304222584,0.008863828144967556,10,False
race_16_face_496466,forehead,front,0.007218897342681885,0.003545190207660198,0.009971766732633114,10,False
race_16_face_496466,forehead,side,0.009200811386108398,0.0035235967952758074,0.009760282933712006,10,False
race_16_face_496466,head,front,0.00709688663482666,0.003393384162336588,0.009149875491857529,10,False
race_16_face_496466,head,side,0.009219348430633545,0.0036079464480280876,0.009921521879732609,10,False
race_16_face_496466,jaw,front,0.007709205150604248,0.0036881857085973024,0.010295876301825047,10,False
race_16_face_496466,jaw,side,0.008745431900024414,0.003808323759585619,0.010859206318855286,10,False
race_16_face_496466,mouth,front,0.009456753730773926,0.004644573666155338,0.01433406863361597,10,False
race_16_face_496466,mouth,side,0.008589446544647217,0.0036709595005959272,0.010353227145969868,10,False
race_16_face_496466,neck,front,0.011696934700012207,0.0043030427768826485,0.01229043211787939,10,False
race_16_face_496466,neck,side,0.009698033332824707,0.004132683388888836,0.01169345248490572,10,False
race_16_face_496466,nose,front,0.005353152751922607,0.004334057681262493,0.013420230709016323,10,False
race_16_face_496466,nose,side,0.005050957202911377,0.0030506602488458157,0.008523894473910332,10,False
