field,type,class_or_sign,local_region,base_count,front_ssim_distance,front_ssim_snr,front_edge_distance,front_edge_snr,front_highpass_distance,front_highpass_snr,front_texture_snr,side_ssim_distance,side_ssim_snr,side_edge_distance,side_edge_snr,side_highpass_distance,side_highpass_snr,side_texture_snr,texture_snr,texture_detection_rate,texture_detection_rate_128,monotonicity,worst_base_texture_snr,texture_tier,recommended_texture_strategy,recommended_texture_weight,status
face_detail_cheek_def,categorical,cheek_def_01,cheeks,17,0.040437400341033936,8.091156396097022,0.00282658776268363,1.1220385533919208,0.006821829825639725,1.1305050295830645,1.1420794866683235,0.05654263496398926,8.005117977229732,0.0028405142948031425,1.1431046798636915,0.007784659042954445,1.0895951081919164,1.1431046798636915,1.150322907928061,0.6470588235294118,0.35294117647058826,1.0,0.6363730926211302,T2,conditioned_region_texture_head,0.40067571510234357,provisional_fixed_regions_no_frozen_model
face_detail_cheek_def,categorical,cheek_def_02,cheeks,17,0.048085808753967285,8.779872451606568,0.003411410376429558,1.08329101155387,0.008605137467384338,1.0529300768481717,1.08329101155387,0.05576801300048828,7.7667491249499605,0.0036583980545401573,1.0889983808970018,0.009705696254968643,1.069811441963255,1.0893945902251865,1.0893945902251865,0.5294117647058824,0.35294117647058826,1.0,0.6092936440066964,T2,conditioned_region_texture_head,0.3190256247698491,provisional_fixed_regions_no_frozen_model
face_detail_cheek_fat,categorical,cheek_fat_01_neg,cheeks,17,0.06279516220092773,10.723052022051148,0.004564313217997551,1.3520434102568009,0.011097289621829987,1.2003133092671887,1.3520434102568009,0.04855293035507202,7.1942033150818325,0.0034443687181919813,0.9396412701748246,0.009741744957864285,0.9189401042315243,0.9396412701748246,1.3520434102568009,1.0,0.4117647058823529,1.0,1.063905792443992,T1,texture_auxiliary_loss,0.6713278906408305,provisional_fixed_regions_no_frozen_model
face_detail_cheek_fat,categorical,cheek_fat_01_pos,cheeks,17,0.05017358064651489,8.33352766279951,0.00444782292470336,1.3081915211866608,0.010886824689805508,1.3906697407012036,1.4247467325583643,0.04145920276641846,5.428913849326905,0.0038743363693356514,1.0913712702694836,0.010347245261073112,1.0964332277593989,1.0964332277593989,1.4247467325583643,1.0,0.5294117647058824,1.0,1.0016031614720198,T1,texture_auxiliary_loss,0.6891411883782994,provisional_fixed_regions_no_frozen_model
face_detail_cheek_fat,categorical,cheek_fat_02_pos,cheeks,17,0.044528186321258545,7.258467906488661,0.00430607795715332,1.359818674865011,0.010207523591816425,1.2708751863511945,1.359818674865011,0.04055696725845337,5.418473997921587,0.003972107544541359,1.1908988237442775,0.0102360425516963,1.1278456852238299,1.1908988237442775,1.359818674865011,0.8235294117647058,0.47058823529411764,1.0,0.9469249974337685,T1,texture_auxiliary_loss,0.5544456589977766,provisional_fixed_regions_no_frozen_model
face_detail_cheek_fat,categorical,cheek_fat_03_pos,cheeks,17,0.05783545970916748,9.601956093273655,0.004712143912911415,1.4704771303417794,0.011227401904761791,1.319677460380935,1.4704771303417794,0.06911033391952515,7.850871779353623,0.004244767129421234,1.266754801473924,0.00994404498487711,1.210746604641627,1.266754801473924,1.4704771303417794,0.9411764705882353,0.5294117647058824,1.0,0.9826174025060803,T1,texture_auxiliary_loss,0.6589304407017373,provisional_fixed_regions_no_frozen_model
face_detail_cheek_fat,categorical,cheek_fat_04_pos,cheeks,17,0.06905531883239746,11.453817014924324,0.005076867528259754,1.4531554393168937,0.01199209876358509,1.3696816059743895,1.4531554393168937,0.06066972017288208,7.268721017431628,0.004793980158865452,1.4069398321570281,0.01132219284772873,1.3116425252692994,1.4069398321570281,1.4531554393168937,1.0,0.5882352941176471,1.0,1.1004654856925187,T1,texture_auxiliary_loss,0.6959778347325183,provisional_fixed_regions_no_frozen_model
face_detail_chin_cleft,categorical,chin_cleft,chin,17,0.009050309658050537,0.9707522064690054,0.001055722706951201,0.8126347213470788,0.002301247091963887,0.7857616045688482,0.8126347213470788,0.0037201642990112305,0.7598741435965722,0.0005601427401416004,0.527937970535541,0.0013260141713544726,0.5403617979027331,0.527937970535541,0.8126347213470788,0.11764705882352941,0.0,1.0,0.13973575971652963,T4,no_texture_specific_loss,0.061230546286983586,provisional_fixed_regions_no_frozen_model
face_detail_chin_cleft,categorical,chin_dimple,chin,17,0.014509081840515137,1.7855979579071335,0.0009958873270079494,0.7323288554634225,0.0016711485804989934,0.6512303370982409,0.7517433167856787,0.0029495954513549805,0.6554949421189408,0.00042130897054448724,0.320800842018798,0.0009233232703991234,0.2913185744546354,0.320800842018798,0.7517433167856787,0.058823529411764705,0.0,1.0,0.1330115611240063,T4,no_texture_specific_loss,0.02944592754725906,provisional_fixed_regions_no_frozen_model
face_detail_chin_def,categorical,chin_def,chin,17,0.010207951068878174,1.5016605286242757,0.0011031547328457236,0.7448129176751295,0.002137233503162861,0.7357532014708306,0.7448129176751295,0.003726780414581299,0.5691742387406755,0.00045268662506714463,0.3776360535994172,0.0009443737799301744,0.3514372219797224,0.3776360535994172,0.7448129176751295,0.17647058823529413,0.0,1.0,0.18786706633876318,T4,no_texture_specific_loss,0.08792964223051754,provisional_fixed_regions_no_frozen_model
face_detail_chin_def,categorical,chin_def_neg,chin,17,0.0257415771484375,3.3535847622228006,0.002028566785156727,0.8526066588994162,0.004942199215292931,0.9067302427487284,0.8882003414439537,0.016031920909881592,1.9374583879212217,0.001655005500651896,0.7169817671646144,0.0034369018394500017,0.7733427667519978,0.7733427667519978,0.8882003414439537,0.35294117647058826,0.35294117647058826,1.0,0.29402742315943675,T3,low_weight_texture_regularizer,0.19204241977806003,provisional_fixed_regions_no_frozen_model
face_detail_eye_lower_lid_def,categorical,eye_lower_lid_def,eyes,17,0.014154255390167236,3.373750377944358,0.0019856609869748354,0.7585554778304396,0.004538507200777531,0.5999962320179787,0.7585554778304396,0.008737325668334961,1.8633642163218764,0.0009992821142077446,0.43478918590080057,0.002390824491158128,0.350782470791146,0.43478918590080057,0.7585554778304396,0.35294117647058826,0.17647058823529413,1.0,0.3710109109076583,T3,low_weight_texture_regularizer,0.17747426085580928,provisional_fixed_regions_no_frozen_model
face_detail_eye_lower_lid_def,categorical,eye_lower_lid_def_02,eyes,17,0.027304232120513916,5.696965919961611,0.00251461798325181,0.9749279101451185,0.004865394439548254,0.8248062252604762,0.9749279101451185,0.0158383846282959,3.1117452871979405,0.0012854018714278936,0.714910438911523,0.0025958060286939144,0.684202892929405,0.7167698097201403,0.9749279101451185,0.47058823529411764,0.29411764705882354,1.0,0.47226458704648067,T3,low_weight_texture_regularizer,0.26826665246974196,provisional_fixed_regions_no_frozen_model
face_detail_eye_socket,categorical,eye_socket_01,eyes,17,0.019555211067199707,4.743769514205679,0.003074818756431341,1.1943741860461388,0.005718592554330826,0.9841853889045175,1.1943741860461388,0.012180566787719727,2.7960915909988158,0.0014272879343479872,0.8831570773901501,0.0028509763069450855,0.8665682175994015,0.8831570773901501,1.1943741860461388,0.6470588235294118,0.35294117647058826,1.0,0.5796704565378047,T2,conditioned_region_texture_head,0.40827552001563866,provisional_fixed_regions_no_frozen_model
face_detail_eye_socket,categorical,eye_socket_02,eyes,17,0.015520811080932617,3.4260491715259653,0.002796191954985261,0.9794083903784218,0.005661599338054657,0.7584462756039612,0.9794083903784218,0.012093067169189453,2.249215617013319,0.0014921736437827349,0.7545901237665507,0.0030554132536053658,0.6855535503337337,0.7545901237665507,0.9794083903784218,0.4117647058823529,0.35294117647058826,1.0,0.6534705988489735,T3,low_weight_texture_regularizer,0.23527208506782082,provisional_fixed_regions_no_frozen_model
face_detail_eye_socket,categorical,eye_socket_03,eyes,17,0.014128506183624268,3.489817323660519,0.00249766418710351,0.9449428589841041,0.005077236797660589,0.7656173434829611,0.9449428589841041,0.009992480278015137,1.882456832962786,0.001304066157899797,0.6491808059029945,0.002751963445916772,0.6175813632087859,0.6491808059029945,0.9449428589841041,0.47058823529411764,0.35294117647058826,1.0,0.5130128929609691,T3,low_weight_texture_regularizer,0.2641090067475802,provisional_fixed_regions_no_frozen_model
face_detail_eye_socket,categorical,eye_socket_color_01,eyes,17,0.023689210414886475,5.11567420430282,0.0032295500859618187,1.1306293345494196,0.005588968750089407,0.8291010194010551,1.1306293345494196,0.015476346015930176,2.8676596426101035,0.001676371437497437,0.8096053263346124,0.0029794799629598856,0.6802286722501609,0.8096053263346124,1.1306293345494196,0.5882352941176471,0.35294117647058826,1.0,0.6419767199236803,T2,conditioned_region_texture_head,0.36111919686232913,provisional_fixed_regions_no_frozen_model
face_detail_eye_socket,categorical,eye_socket_color_02,eyes,17,0.020235300064086914,4.7433018999672045,0.0030529897194355726,1.1775029882647685,0.005483321379870176,0.7603813437042553,1.1775029882647685,0.014708280563354492,3.109148710702932,0.0017510156612843275,0.7872540677321515,0.003001543926075101,0.6687741782873846,0.7872540677321515,1.1775029882647685,0.5294117647058824,0.35294117647058826,1.0,0.6101158744018486,T2,conditioned_region_texture_head,0.3316759407908217,provisional_fixed_regions_no_frozen_model
face_detail_eye_socket,categorical,eye_socket_color_03,eyes,17,0.01790022850036621,4.368436824952863,0.0028824929613620043,0.7839654279212775,0.005093373358249664,0.5445733931321876,0.7839654279212775,0.012409806251525879,2.332625846686525,0.0015318985097110271,0.5310425657466307,0.0028095473535358906,0.40154928175370475,0.5310425657466307,0.7839654279212775,0.4117647058823529,0.35294117647058826,1.0,0.5636187745606863,T3,low_weight_texture_regularizer,0.21049265540489345,provisional_fixed_regions_no_frozen_model
face_detail_nasolabial,categorical,nasolabial_01,mouth,17,0.05060398578643799,6.0675812075768745,0.005434220191091299,1.2398048915666564,0.013908514752984047,1.2271493325081029,1.2398048915666564,0.03115326166152954,3.785145759747965,0.0035902569070458412,1.0641817366070696,0.010216644033789635,1.1229456523238628,1.1229456523238628,1.2398048915666564,0.9411764705882353,0.47058823529411764,1.0,0.9310512973927956,T1,texture_auxiliary_loss,0.6050442063415903,provisional_fixed_regions_no_frozen_model
face_detail_nasolabial,categorical,nasolabial_02,mouth,17,0.045420706272125244,5.742781999861088,0.00569892767816782,1.3403004510134036,0.015710905194282532,1.2392858590927829,1.3403004510134036,0.028175652027130127,3.7848801333325643,0.0034072112757712603,0.9510386253447115,0.009917396120727062,1.0757538423762123,1.0757538423762123,1.3403004510134036,1.0,0.4117647058823529,1.0,1.0178065169555732,T1,texture_auxiliary_loss,0.6684061766654075,provisional_fixed_regions_no_frozen_model
face_detail_nasolabial,categorical,nasolabial_03,mouth,17,0.040450334548950195,4.913565068172449,0.005565171130001545,1.3516715744792296,0.015153265558183193,1.2860262079253688,1.3637955836381173,0.024619758129119873,3.8195627476196794,0.003378921654075384,1.1067438914477723,0.009458575397729874,1.157849544412236,1.1684418299243018,1.3637955836381173,1.0,0.4117647058823529,1.0,1.0936023598416964,T1,texture_auxiliary_loss,0.6742392215522414,provisional_fixed_regions_no_frozen_model
face_detail_nasolabial,categorical,nasolabial_04,mouth,17,0.041987061500549316,4.555767752020068,0.004522311966866255,1.151557077756528,0.01176602952182293,1.1068873994154518,1.151557077756528,0.025089740753173828,3.6689612579541593,0.002975331386551261,0.9309639060317882,0.008405908942222595,1.0413072836064403,1.0413072836064403,1.151557077756528,0.7647058823529411,0.4117647058823529,1.0,0.844002105919748,T2,conditioned_region_texture_head,0.4737797975715222,provisional_fixed_regions_no_frozen_model
face_detail_nose_ridge_def,signed,negative,nose,17,0.014993071556091309,3.267889541103494,0.0026496141217648983,0.9005707659284876,0.006963985972106457,0.7769085660286985,0.9005707659284876,0.003320038318634033,1.4370816254485608,0.0006743679405190051,0.49821502761915326,0.0017104466678574681,0.6057016355255311,0.5564326914227373,0.9005707659284876,0.35294117647058826,0.35294117647058826,1.0,0.5230204478733729,T3,low_weight_texture_regularizer,0.1933751324184707,provisional_fixed_regions_no_frozen_model
face_detail_nose_ridge_def,signed,positive,nose,17,0.0476604700088501,7.903187673518464,0.0061607323586940765,1.656510345744359,0.01147494837641716,1.3009051718338172,1.656510345744359,0.02919548749923706,6.1068196032617035,0.0021542327012866735,1.0279898828222191,0.004066759720444679,0.9987158273456861,1.0279898828222191,1.656510345744359,1.0,0.6470588235294118,1.0,1.0828003769093637,T1,texture_auxiliary_loss,0.7430814997348001,provisional_fixed_regions_no_frozen_model
face_detail_nose_tip_def,categorical,nose_tip_def,nose,17,0.010411977767944336,2.177617441070693,0.002627603244036436,1.1357565090179578,0.006294079590588808,1.0759985018594556,1.1357565090179578,0.005235016345977783,1.5963194844337718,0.000933675211854279,0.7741132468960749,0.002008932176977396,0.7870885310694575,0.7870885310694575,1.1357565090179578,0.5882352941176471,0.47058823529411764,1.0,0.4719615289239123,T2,conditioned_region_texture_head,0.36193707180490364,provisional_fixed_regions_no_frozen_model
face_detail_temple_def,categorical,temple_def,cheeks,17,0.00888913869857788,1.6491915608082939,0.0007865255465731025,0.676418623291975,0.0019105395767837763,0.8146046311594546,0.8146046311594546,0.005316019058227539,1.0260632680858879,0.0009793160716071725,0.6914164405316114,0.0032404426019638777,0.9197203780555907,0.9068620020772586,0.9197203780555907,0.29411764705882354,0.0,1.0,0.2327016461208463,T3,low_weight_texture_regularizer,0.16285022396565174,provisional_fixed_regions_no_frozen_model
gene_bs_cheek_forward,signed,negative,cheeks,17,0.05182069540023804,8.447569910025457,0.00428035156801343,1.205424694224925,0.00977657362818718,1.0102646586138462,1.205424694224925,0.07632124423980713,10.809817123426757,0.0043445127084851265,1.1728075164844425,0.011004443280398846,1.0852710318506673,1.1728075164844425,1.316265332410559,0.9411764705882353,0.4117647058823529,1.0,0.9651882276472591,T1,texture_auxiliary_loss,0.6234220450450083,provisional_fixed_regions_no_frozen_model
gene_bs_cheek_forward,signed,positive,cheeks,17,0.0543133020401001,10.577104991534293,0.004440195858478546,1.3642939532031175,0.010099858976900578,1.0785804258725298,1.3642939532031175,0.10782837867736816,12.81549493734895,0.005921212490648031,1.4840033857900623,0.013235494494438171,1.245267207160014,1.4840033857900623,1.4840033857900623,1.0,0.6470588235294118,1.0,1.0060280469712948,T1,texture_auxiliary_loss,0.7033262367232962,provisional_fixed_regions_no_frozen_model
gene_bs_cheek_height,signed,negative,cheeks,17,0.05816662311553955,9.482053673798559,0.0038801932241767645,1.098398366417614,0.010295397602021694,1.062254125350223,1.0985194393159745,0.061018526554107666,8.690806002715478,0.003757597878575325,1.010010971185347,0.010125933215022087,1.0243321068500022,1.0243321068500022,1.0985194393159745,0.8235294117647058,0.4117647058823529,1.0,0.8762010650574346,T1,texture_auxiliary_loss,0.49833611280110907,provisional_fixed_regions_no_frozen_model
gene_bs_cheek_height,signed,positive,cheeks,17,0.04942089319229126,9.048708680697255,0.004123283550143242,1.247042759571793,0.01078566163778305,1.1474798356867615,1.247042759571793,0.0832674503326416,11.810545762941317,0.0048859925009310246,1.2709697098532684,0.012529099360108376,1.2553625442810223,1.2709697098532684,1.2709697098532684,0.8823529411764706,0.5882352941176471,1.0,0.8412278052087703,T1,texture_auxiliary_loss,0.5743138775031618,provisional_fixed_regions_no_frozen_model
gene_bs_cheek_width,signed,negative,cheeks,17,0.06518048048019409,12.388711591744858,0.0049504479393363,1.4214219859126433,0.012522508390247822,1.3110960823612114,1.4214219859126433,0.0540507435798645,7.723988423186646,0.004412216134369373,1.2284266798212258,0.011707481928169727,1.1894694492577178,1.2284266798212258,1.4214219859126433,1.0,0.7058823529411765,1.0,1.043061588467844,T1,texture_auxiliary_loss,0.6883366390346716,provisional_fixed_regions_no_frozen_model
gene_bs_cheek_width,signed,positive,cheeks,17,0.06542348861694336,12.610007944410262,0.004676487296819687,1.3830845606359106,0.011703182943165302,1.3217839555240323,1.3830845606359106,0.055808186531066895,8.119341507388809,0.004250474274158478,1.2139197865145244,0.011039946228265762,1.1559568265686209,1.2139197865145244,1.3830845606359106,0.9411764705882353,0.7058823529411765,1.0,0.9079170093313327,T1,texture_auxiliary_loss,0.6390499431964729,provisional_fixed_regions_no_frozen_model
gene_bs_ear_angle,signed,negative,ears,17,0.04766494035720825,8.136741035211902,0.0036732631269842386,1.4522995281604802,0.006858590990304947,1.2164168206314359,1.4522995281604802,0.12874913215637207,9.290919722402691,0.004469998646527529,1.3096748353812722,0.00873709749430418,1.0379203337653575,1.3096748353812722,1.4522995281604802,0.6470588235294118,0.5294117647058824,1.0,0.7977414783043519,T2,conditioned_region_texture_head,0.45020595428903304,provisional_fixed_regions_no_frozen_model
gene_bs_ear_angle,signed,positive,ears,17,0.039803266525268555,6.899764001948438,0.0031359370332211256,1.3383012705370692,0.00589156337082386,1.0566536510958653,1.3383012705370692,0.09595370292663574,7.252098790074233,0.0038922152016311884,1.1764409808601761,0.008257596753537655,0.9888990168093511,1.1764409808601761,1.3383012705370692,0.5882352941176471,0.35294117647058826,1.0,0.7284493111940629,T2,conditioned_region_texture_head,0.3928867624847693,provisional_fixed_regions_no_frozen_model
gene_bs_ear_bend,categorical,ear_both_bend_pos,ears,17,0.07435894012451172,14.577580886890594,0.004138294607400894,1.4014525791348857,0.007304474711418152,1.1537910533234952,1.4014525791348857,0.07945972681045532,5.445828495744619,0.004057235084474087,1.052018649561514,0.008521572686731815,0.8264515867234469,1.052018649561514,1.4014525791348857,0.7647058823529411,0.4117647058823529,1.0,0.6254944937720764,T2,conditioned_region_texture_head,0.5226645046287739,provisional_fixed_regions_no_frozen_model
gene_bs_ear_bend,categorical,ear_lower_bend_pos,ears,17,0.045222699642181396,10.711264656616416,0.002766051096841693,1.2662843827186878,0.004943010862916708,1.1434463812442446,1.2662843827186878,0.058330535888671875,4.043895827185997,0.002836337313055992,0.9723618619781725,0.005709583405405283,0.9712393938842578,0.9723618619781725,1.2662843827186878,0.6470588235294118,0.5294117647058824,1.0,0.3878780213803711,T2,conditioned_region_texture_head,0.42038650078818895,provisional_fixed_regions_no_frozen_model
gene_bs_ear_bend,categorical,ear_upper_bend_pos,ears,17,0.03191995620727539,6.036131876614851,0.002382877515628934,1.0531444067365434,0.0046357628889381886,1.0286785584181275,1.0531444067365434,0.024462580680847168,1.5830762366457118,0.002009162912145257,0.7453270640683388,0.005169006064534187,0.8269979526395181,0.8269979526395181,1.0531444067365434,0.5882352941176471,0.35294117647058826,1.0,0.3333185505974358,T2,conditioned_region_texture_head,0.3485253837339079,provisional_fixed_regions_no_frozen_model
gene_bs_ear_inner_shape,categorical,ear_inner_shape_pos,ears,17,0.020432889461517334,3.9133723959704807,0.0014647376956418157,0.8115322038683137,0.0030990547966212034,0.8151348442627102,0.8151348442627102,0.020384907722473145,1.5663114623243934,0.0016542483353987336,0.7282976648587767,0.004043244291096926,0.7041921852504576,0.7282976648587767,0.8151348442627102,0.4117647058823529,0.35294117647058826,1.0,0.31137995547353403,T3,low_weight_texture_regularizer,0.21463632332508567,provisional_fixed_regions_no_frozen_model
gene_bs_ear_outward,signed,negative,ears,17,0.03778046369552612,7.8490621683295245,0.0025215076748281717,1.119363209308294,0.004480553790926933,1.0106672812546833,1.119363209308294,0.03464168310165405,2.5713839750485423,0.0021870629861950874,0.8246414047107299,0.005424806382507086,0.8193137721190036,0.8446348267310362,1.119363209308294,0.5882352941176471,0.4117647058823529,1.0,0.378310877865143,T2,conditioned_region_texture_head,0.35931551121322214,provisional_fixed_regions_no_frozen_model
gene_bs_ear_outward,signed,positive,ears,17,0.10073256492614746,21.41360319060415,0.005710996687412262,2.0580765249747737,0.00905455183237791,1.4020882236849133,2.0580765249747737,0.1185300350189209,9.265618968194799,0.004841410554945469,1.261516010469401,0.008924023248255253,0.937405333095527,1.261516010469401,2.0580765249747737,0.9411764705882353,0.7058823529411765,1.0,0.9139051636560781,T1,texture_auxiliary_loss,0.7795450055505622,provisional_fixed_regions_no_frozen_model
gene_bs_ear_size,signed,negative,ears,17,0.03133279085159302,5.49137280663801,0.0027179569005966187,1.443330355600176,0.0053321546874940395,1.0649658286854637,1.443330355600176,0.09164935350418091,6.457880559203969,0.004108319990336895,1.1994923993621127,0.00861718226224184,0.9821139408760278,1.1994923993621127,1.443330355600176,0.6470588235294118,0.5882352941176471,1.0,0.6752979619839724,T2,conditioned_region_texture_head,0.44881360077885846,provisional_fixed_regions_no_frozen_model
gene_bs_ear_size,signed,positive,ears,17,0.05241888761520386,9.691472714449441,0.0035916585475206375,1.5523989979289026,0.006772949825972319,1.2511885335349178,1.5523989979289026,0.11754840612411499,9.211300029940192,0.0046033407561481,1.2345022196697428,0.008723576553165913,0.9733450217937387,1.2345022196697428,1.5523989979289026,0.7647058823529411,0.47058823529411764,1.0,0.5119481146416716,T2,conditioned_region_texture_head,0.5500921917595403,provisional_fixed_regions_no_frozen_model
gene_bs_eye_corner_depth,signed,negative,eyes,17,0.044264912605285645,8.38575225678594,0.0040449220687150955,1.3190368482486237,0.008474833332002163,1.0802754137342436,1.3190368482486237,0.02624577283859253,4.759417790429489,0.002340123988687992,0.9874472211787696,0.004657048732042313,0.9293776237381982,0.9874472211787696,1.3190368482486237,0.8235294117647058,0.4117647058823529,1.0,0.9713589256210133,T1,texture_auxiliary_loss,0.5460682812342809,provisional_fixed_regions_no_frozen_model
gene_bs_eye_corner_depth,signed,positive,eyes,17,0.03451049327850342,8.17863073907126,0.004215548746287823,1.4921555837992424,0.009763382375240326,1.2632915591502278,1.4921555837992424,0.014786958694458008,4.174350976843341,0.0016441119369119406,1.0453674660624142,0.00373460934497416,1.005223114727549,1.0453674660624142,1.4921555837992424,0.7647058823529411,0.47058823529411764,1.0,0.7491093973699784,T2,conditioned_region_texture_head,0.5393129612743126,provisional_fixed_regions_no_frozen_model
gene_bs_eye_fold_shape,categorical,eye_fold_shape_02_neg,eyes,17,0.026242971420288086,7.334851879434504,0.004280535038560629,1.414066207636904,0.008478785865008831,0.9285654604638506,1.414066207636904,0.019471406936645508,3.9142802266726173,0.0026837673503905535,1.1231759106092425,0.005543673411011696,0.8057813305919865,1.1231759106092425,1.414066207636904,0.8235294117647058,0.4117647058823529,1.0,0.5733906733892782,T1,texture_auxiliary_loss,0.5653968165845646,provisional_fixed_regions_no_frozen_model
gene_bs_eye_fold_shape,categorical,eye_fold_shape_neg,eyes,17,0.046856462955474854,10.464856968047249,0.005039585288614035,1.342609810155278,0.009128316305577755,1.2036717342782803,1.342609810155278,0.023684382438659668,4.604548138199714,0.0029370200354605913,1.0793447347234244,0.00586898485198617,1.0654477045257482,1.0793447347234244,1.342609810155278,0.6470588235294118,0.4117647058823529,1.0,0.6386455275931371,T2,conditioned_region_texture_head,0.4328705545405257,provisional_fixed_regions_no_frozen_model
gene_bs_eye_fold_shape,categorical,eye_fold_shape_pos,eyes,17,0.038336336612701416,9.746900633870059,0.003818813245743513,1.3513001871241954,0.008196597918868065,1.1370598058859696,1.3513001871241954,0.029555797576904297,6.09850330644973,0.002423748839646578,1.1427738687989177,0.0050687408074736595,1.0715423602162881,1.1427738687989177,1.3633472556118258,0.6470588235294118,0.47058823529411764,1.0,0.6504173081318007,T2,conditioned_region_texture_head,0.4362007224612299,provisional_fixed_regions_no_frozen_model
gene_bs_eye_size,signed,negative,eyes,17,0.028496086597442627,5.759570291984785,0.004279082175344229,1.5085321899724877,0.010810758918523788,1.3328520473497973,1.5085321899724877,0.01446545124053955,3.486645341181171,0.002875570673495531,1.3219685171219622,0.007479289546608925,1.287763692635112,1.401267605879859,1.5085321899724877,0.8823529411764706,0.5294117647058824,1.0,0.9230464721148007,T1,texture_auxiliary_loss,0.6256896935010308,provisional_fixed_regions_no_frozen_model
gene_bs_eye_size,signed,positive,eyes,17,0.07679116725921631,18.689272437765062,0.008480389602482319,2.1552005771416707,0.02004770189523697,1.7712563059444444,2.1552005771416707,0.04691869020462036,10.470435514252179,0.004815122112631798,1.7239438865771686,0.011770428158342838,1.4783344433003895,1.7239438865771686,2.1552005771416707,1.0,0.9411764705882353,1.0,1.194955277064058,T1,texture_auxiliary_loss,0.8475849175041736,provisional_fixed_regions_no_frozen_model
gene_bs_eye_upper_lid_size,signed,negative,eyes,17,0.1369340419769287,25.654559432717438,0.008879123255610466,2.4025697781847493,0.018048899248242378,1.6860572690027407,2.4025697781847493,0.08148646354675293,16.165202231162528,0.005777732934802771,1.9510974744126446,0.011626728810369968,1.432006422946822,1.9510974744126446,2.4025697781847493,1.0,1.0,1.0,1.5086180306747086,T1,texture_auxiliary_loss,0.8949059127798015,provisional_fixed_regions_no_frozen_model
gene_bs_eye_upper_lid_size,signed,positive,eyes,17,0.040097951889038086,8.841258236171733,0.0029274483676999807,0.7776013161584059,0.006965671665966511,0.6072780865254418,0.7776013161584059,0.022751450538635254,4.767898798644251,0.0016752947121858597,0.572173616207289,0.00386223616078496,0.4499880445082687,0.572173616207289,0.7776013161584059,0.4117647058823529,0.35294117647058826,1.0,0.2891757639972813,T3,low_weight_texture_regularizer,0.20963654077772906,provisional_fixed_regions_no_frozen_model
gene_bs_forehead_brow_curve,signed,negative,eyes,17,0.07077044248580933,13.784201197393335,0.007688743062317371,1.997078059760414,0.01660287380218506,1.5813968148590072,1.997078059760414,0.055880069732666016,10.318027812644624,0.005804574582725763,1.930288830939921,0.013160811737179756,1.6084144965786469,1.930288830939921,1.997078059760414,1.0,0.9411764705882353,1.0,1.2930244928326675,T1,texture_auxiliary_loss,0.8158999243698977,provisional_fixed_regions_no_frozen_model
gene_bs_forehead_brow_curve,signed,positive,eyes,17,0.05646127462387085,11.624408455804312,0.006320204585790634,1.7214262673516232,0.013519537635147572,1.3107519629753441,1.7214262673516232,0.05318945646286011,10.772328306305504,0.00432094931602478,1.5934051029512264,0.009635234251618385,1.2117187141938586,1.5934051029512264,1.7214262673516232,1.0,0.8235294117647058,1.0,1.2407283432406402,T1,texture_auxiliary_loss,0.7575016539809496,provisional_fixed_regions_no_frozen_model
gene_bs_forehead_brow_forward,signed,negative,eyes,17,0.06258386373519897,12.566930802284677,0.005657137371599674,1.8191268791671258,0.014493601396679878,1.5625186956790194,1.8191268791671258,0.0523567795753479,10.031063744785337,0.0049517517909407616,1.9479961457588952,0.011259828694164753,1.5595322225133827,1.9479961457588952,1.9479961457588952,1.0,0.8823529411764706,1.0,1.4464238803311102,T1,texture_auxiliary_loss,0.8058114224719692,provisional_fixed_regions_no_frozen_model
gene_bs_forehead_brow_forward,signed,positive,eyes,17,0.10426294803619385,23.495963180969774,0.009166685864329338,2.5097704342136637,0.017396073788404465,1.65263759135546,2.5097704342136637,0.12094902992248535,22.332746909996587,0.008298516273498535,2.696914010574721,0.01635110005736351,1.9663274988348418,2.696914010574721,2.696914010574721,1.0,1.0,1.0,1.6774096568781165,T1,texture_auxiliary_loss,0.9481409899683909,provisional_fixed_regions_no_frozen_model
gene_bs_forehead_brow_inner_height,signed,negative,eyes,17,0.10374915599822998,20.905331841792844,0.007875450886785984,2.216169151345009,0.013943154364824295,1.4582075349251769,2.216169151345009,0.0481792688369751,7.6871379874968735,0.00464734248816967,1.6600442846239252,0.007708511780947447,1.2941873150375318,1.6600442846239252,2.216169151345009,1.0,0.8235294117647058,1.0,1.2497150626965565,T1,texture_auxiliary_loss,0.8594899943852379,provisional_fixed_regions_no_frozen_model
gene_bs_forehead_brow_inner_height,signed,positive,eyes,17,0.16235095262527466,34.28130913463029,0.008905048482120037,2.3677560073570567,0.015625163912773132,1.4114488720790659,2.3677560073570567,0.0818861722946167,13.461469675566839,0.0050117638893425465,1.9731214942244952,0.00886106863617897,1.2689981494404106,1.9731214942244952,2.3677560073570567,1.0,1.0,1.0,1.4514801139988052,T1,texture_auxiliary_loss,0.8883985605866054,provisional_fixed_regions_no_frozen_model
gene_bs_forehead_brow_outer_height,signed,negative,eyes,17,0.11983191967010498,25.597837351879832,0.006437500938773155,1.9755764651039622,0.012253043241798878,1.396282416477111,1.9755764651039622,0.10461926460266113,19.742410293462967,0.004843336530029774,1.7193398467808465,0.00864897109568119,1.3149962062470388,1.7193398467808465,1.9755764651039622,1.0,0.8235294117647058,1.0,1.0941587650942484,T1,texture_auxiliary_loss,0.8114958338574434,provisional_fixed_regions_no_frozen_model
gene_bs_forehead_brow_outer_height,signed,positive,eyes,17,0.20188182592391968,44.666762395894466,0.009442354552447796,2.3639778611171858,0.017111020162701607,1.4569626838852394,2.3639778611171858,0.15790241956710815,29.3367216385809,0.006789051927626133,2.2676903816321743,0.01282951608300209,1.557160019031419,2.2676903816321743,2.3639778611171858,1.0,1.0,1.0,1.687870464729324,T1,texture_auxiliary_loss,0.8876894842073975,provisional_fixed_regions_no_frozen_model
gene_bs_forehead_brow_width,signed,negative,eyes,17,0.1128721833229065,25.20623999605688,0.006567799486219883,1.8172940446430588,0.013180123642086983,1.27912122817208,1.8172940446430588,0.04661262035369873,8.113002694759226,0.004900749307125807,1.5867846141496078,0.011386511847376823,1.352047680911351,1.5867846141496078,1.8172940446430588,1.0,0.8823529411764706,1.0,1.2377893747058233,T1,texture_auxiliary_loss,0.7783088599956229,provisional_fixed_regions_no_frozen_model
gene_bs_forehead_brow_width,signed,positive,eyes,17,0.04739046096801758,10.68415905417937,0.005348156671971083,1.43900455851477,0.012437171302735806,1.1114561712409285,1.43900455851477,0.0542752742767334,10.736224293542087,0.00445973826572299,1.4500349261933116,0.010620665736496449,1.2585435453706737,1.4500349261933116,1.4500349261933116,0.9411764705882353,0.6470588235294118,1.0,0.9965164251454925,T1,texture_auxiliary_loss,0.6543342682516373,provisional_fixed_regions_no_frozen_model
gene_bs_jaw_def,signed,negative,jaw,17,0.03632533550262451,5.237273934284648,0.0038944121915847063,1.1928376857755998,0.009031889960169792,1.114612631624323,1.2201796222975128,0.036902427673339844,4.8812259753005645,0.003965944983065128,1.0763534033813118,0.01055168081074953,1.1509270726634449,1.1509270726634449,1.2201796222975128,0.8235294117647058,0.47058823529411764,1.0,0.7140731605347514,T1,texture_auxiliary_loss,0.5252068367976996,provisional_fixed_regions_no_frozen_model
gene_bs_jaw_def,signed,positive,jaw,17,0.020294368267059326,3.069027903416603,0.0019308527698740363,0.6597066846093207,0.003770230570808053,0.47618900456840824,0.6597066846093207,0.025219738483428955,3.3970516070990433,0.0020867306739091873,0.7800372722146164,0.00491105392575264,0.5987833316082299,0.8796923644277249,0.8861584365754817,0.35294117647058826,0.35294117647058826,1.0,0.359685605165544,T3,low_weight_texture_regularizer,0.1918215473219185,provisional_fixed_regions_no_frozen_model
gene_bs_mouth_lower_lip_def,categorical,mouth_lower_lip_def_pos,mouth,17,0.019179344177246094,2.432116073803183,0.002244118833914399,0.9280407398521459,0.00378426443785429,0.8639351361066877,0.9280407398521459,0.009932935237884521,1.4613657680380463,0.0007081099320203066,0.5406886339187622,0.0016423814231529832,0.5123227019794285,0.5406886339187622,0.9280407398521459,0.47058823529411764,0.23529411764705882,1.0,0.3592995330126509,T3,low_weight_texture_regularizer,0.26173630017838484,provisional_fixed_regions_no_frozen_model
gene_bs_mouth_lower_lip_full,signed,negative,mouth,17,0.04150032997131348,5.844528495051757,0.003187705297023058,1.1200614893906515,0.0074526225216686726,1.002642192136306,1.1200614893906515,0.009330928325653076,2.0041080585953495,0.0012467477936297655,0.8172897280470547,0.0029703311156481504,0.8435317318615717,0.8172897280470547,1.1200614893906515,0.5882352941176471,0.4117647058823529,1.0,0.5698221974718314,T2,conditioned_region_texture_head,0.35942756766879447,provisional_fixed_regions_no_frozen_model
gene_bs_mouth_lower_lip_full,signed,positive,mouth,17,0.01608586311340332,1.993966103137708,0.0022099637426435947,0.9707024493668237,0.004998072050511837,0.8300656309430808,0.9707024493668237,0.006364047527313232,1.1959377407065583,0.0008512507774867117,0.6635128520429134,0.0019251263001933694,0.6665725377388299,0.6668911298698298,0.9707024493668237,0.4117647058823529,0.35294117647058826,1.0,0.35163595090094135,T3,low_weight_texture_regularizer,0.23422408660066338,provisional_fixed_regions_no_frozen_model
gene_bs_mouth_lower_lip_pad,signed,negative,mouth,17,0.025601446628570557,2.923903161920105,0.0023486269637942314,0.7743144898762075,0.005151782184839249,0.7569170938349248,0.7743144898762075,0.013706207275390625,1.9243018302806172,0.001087457058019936,0.622817955267958,0.0025848911609500647,0.6994059824291771,0.6994059824291771,0.7743144898762075,0.4117647058823529,0.35294117647058826,1.0,0.3983982093638843,T3,low_weight_texture_regularizer,0.2091930175085166,provisional_fixed_regions_no_frozen_model
gene_bs_mouth_lower_lip_pad,signed,positive,mouth,17,0.042520105838775635,5.252107403907498,0.0028456510044634342,1.1724144280043562,0.005662982352077961,1.0208401884731353,1.1724144280043562,0.019383549690246582,2.9993060711832182,0.0014853508910164237,0.9566147668864488,0.002957048127427697,0.9547227155913235,0.9566147668864488,1.1724144280043562,0.5294117647058824,0.47058823529411764,1.0,0.46440519597055296,T2,conditioned_region_texture_head,0.330958498721274,provisional_fixed_regions_no_frozen_model
gene_bs_mouth_lower_lip_width,signed,negative,mouth,17,0.023149073123931885,2.9159197771306835,0.002618328668177128,1.139454503216194,0.006644625216722488,1.0774426435675704,1.1427939954002557,0.007242381572723389,1.4994347961603487,0.000961891608312726,0.7057980992968786,0.0024299805518239737,0.8642224262730993,0.8642224262730993,1.1427939954002557,0.5882352941176471,0.47058823529411764,1.0,0.48564922279676964,T2,conditioned_region_texture_head,0.36305667520621926,provisional_fixed_regions_no_frozen_model
gene_bs_mouth_lower_lip_width,signed,positive,mouth,17,0.016664087772369385,2.374324961464162,0.0023904943373054266,1.0133689771629193,0.006050409283488989,0.9675027759439466,1.014276524389208,0.008791863918304443,1.483048912036472,0.0011081108823418617,0.7133659673854709,0.0030838395468890667,0.7927761658258488,0.7927761658258488,1.014276524389208,0.5294117647058824,0.35294117647058826,1.0,0.5026991191290822,T2,conditioned_region_texture_head,0.3078301454899246,provisional_fixed_regions_no_frozen_model
gene_bs_mouth_philtrum_def,categorical,mouth_philtrum_def_pos,mouth,17,0.005579829216003418,1.6241171135641332,0.0012406562454998493,0.8387310906394154,0.002235626569017768,0.7445730522366033,0.8387310906394154,0.0017200708389282227,0.6328413620440021,0.0004216636880300939,0.33143346081487834,0.0009405837045051157,0.35842531360685825,0.35842531360685825,0.8387310906394154,0.35294117647058826,0.0,1.0,0.18718481998229602,T3,low_weight_texture_regularizer,0.18661780315826212,provisional_fixed_regions_no_frozen_model
gene_bs_mouth_philtrum_shape,signed,negative,mouth,17,0.003296196460723877,0.8111078743990632,0.0011483205016702414,0.7872141816608436,0.002523707924410701,0.836771557569055,0.7872141816608436,0.001030266284942627,0.3581280579270128,0.0003664388495963067,0.3212778246961534,0.000838772626593709,0.3429907374083996,0.3429907374083996,0.7872141816608436,0.29411764705882354,0.0,1.0,0.17837557300085863,T3,low_weight_texture_regularizer,0.1506631038668935,provisional_fixed_regions_no_frozen_model
gene_bs_mouth_philtrum_shape,signed,positive,mouth,17,0.003884613513946533,0.6655670572176089,0.001372632454149425,0.81716187017325,0.002967882202938199,0.8305596081209461,0.81716187017325,0.0012801289558410645,0.3293742303620095,0.00047170548350550234,0.36863412242382765,0.0011518560349941254,0.42719070916064084,0.42719070916064084,0.81716187017325,0.35294117647058826,0.058823529411764705,1.0,0.22385742496370337,T3,low_weight_texture_regularizer,0.18420259684758647,provisional_fixed_regions_no_frozen_model
gene_bs_mouth_philtrum_width,signed,negative,mouth,17,0.005820572376251221,0.9791062274226083,0.0015867172041907907,0.8388650957958916,0.003824028419330716,0.867577415669375,0.867577415669375,0.002522766590118408,0.526595341741289,0.0005387661512941122,0.3817617252934724,0.0013659943360835314,0.4580506356433034,0.4580506356433034,0.867577415669375,0.4117647058823529,0.35294117647058826,1.0,0.3076615136475954,T3,low_weight_texture_regularizer,0.2214331358270794,provisional_fixed_regions_no_frozen_model
gene_bs_mouth_philtrum_width,signed,positive,mouth,17,0.007261812686920166,1.1241991581507471,0.0016112728044390678,0.7287076930380538,0.00378432753495872,0.6755364827184098,0.7287076930380538,0.0021330714225769043,0.5678403122669502,0.0005248193047009408,0.34484610660001636,0.0013623737031593919,0.42562439921312034,0.42562439921312034,0.7287076930380538,0.4117647058823529,0.35294117647058826,1.0,0.3137685577830391,T3,low_weight_texture_regularizer,0.20293883760762121,provisional_fixed_regions_no_frozen_model
gene_bs_mouth_upper_lip_def,categorical,mouth_upper_lip_def_pos,mouth,17,0.005676627159118652,1.2053158365793089,0.0016889316029846668,1.0223400579859168,0.0036959683056920767,1.0275958908327247,1.0268014823382543,0.002708613872528076,1.0680327811973047,0.0006329449242912233,0.47560897655785084,0.0014124145964160562,0.4263718146830797,0.4792634572368115,1.0268014823382543,0.5294117647058824,0.29411764705882354,1.0,0.2634018676587396,T2,conditioned_region_texture_head,0.30972495904117076,provisional_fixed_regions_no_frozen_model
gene_bs_mouth_upper_lip_full,signed,negative,mouth,17,0.02023494243621826,4.015225799112729,0.003162544686347246,0.9819965856139933,0.00611854949966073,0.859415964607713,0.9819965856139933,0.008873581886291504,1.227967873834863,0.0010788029758259654,0.7141461590290696,0.0020224980544298887,0.741736963391304,0.7495075337348666,0.9819965856139933,0.47058823529411764,0.35294117647058826,1.0,0.5281105711829914,T3,low_weight_texture_regularizer,0.26923742428117026,provisional_fixed_regions_no_frozen_model
gene_bs_mouth_upper_lip_full,signed,positive,mouth,17,0.015493988990783691,2.181037424638835,0.0026591939385980368,0.9565839550810112,0.005561328958719969,0.9246105836137133,0.9565839550810112,0.0063784122467041016,1.0459905836549777,0.001035233959555626,0.7118584267097126,0.002109931316226721,0.7450965350394247,0.7450965350394247,0.9565839550810112,0.47058823529411764,0.35294117647058826,1.0,0.4531709296402574,T3,low_weight_texture_regularizer,0.2657308546460868,provisional_fixed_regions_no_frozen_model
gene_bs_mouth_upper_lip_profile,signed,negative,mouth,17,0.004185616970062256,0.49604010343006055,0.0015153993153944612,0.6880621612137366,0.003477281192317605,0.6776329140470496,0.6776329140470496,0.0019015669822692871,0.3574557568446946,0.0005883863195776939,0.43742256821133196,0.0012912271777167916,0.4795173881575465,0.4795173881575465,0.6776329140470496,0.35294117647058826,0.23529411764705882,1.0,0.26442565287240805,T3,low_weight_texture_regularizer,0.16774089188877647,provisional_fixed_regions_no_frozen_model
gene_bs_mouth_upper_lip_profile,signed,positive,mouth,17,0.013450205326080322,1.743971536977356,0.0027886030729860067,0.9822162678687837,0.005628997925668955,0.8808393935270421,0.9822162678687837,0.00589984655380249,1.1056225032157376,0.0010550420265644789,0.6613825332490767,0.0020304762292653322,0.6753882257456173,0.6753882257456173,0.9822162678687837,0.47058823529411764,0.35294117647058826,1.0,0.46970495858251693,T3,low_weight_texture_regularizer,0.269267538121561,provisional_fixed_regions_no_frozen_model
gene_bs_mouth_upper_lip_width,signed,negative,mouth,17,0.027593672275543213,3.5996973565620647,0.004289418458938599,1.2254272719236758,0.011477058753371239,1.102651533160399,1.2254272719236758,0.013552308082580566,1.7282713539245145,0.001724032568745315,0.9082326120470186,0.0044625503942370415,0.884231026585204,0.935406388421422,1.2254272719236758,0.7058823529411765,0.35294117647058826,1.0,0.7203398830323912,T2,conditioned_region_texture_head,0.4511442930942113,provisional_fixed_regions_no_frozen_model
gene_bs_mouth_upper_lip_width,signed,positive,mouth,17,0.04237723350524902,4.768888831406835,0.004652148112654686,1.2801307369506343,0.011809267103672028,1.190117873623891,1.2801307369506343,0.01562875509262085,2.2151392527266545,0.0019337035482749343,0.9135409635703031,0.004931219387799501,0.9900036270713934,0.9900036270713934,1.2801307369506343,0.7647058823529411,0.5882352941176471,1.0,0.8872704753809803,T2,conditioned_region_texture_head,0.4995292992535607,provisional_fixed_regions_no_frozen_model
gene_bs_nose_forward,signed,negative,nose,17,0.11032456159591675,20.691077950140798,0.010522996075451374,2.4321100592523868,0.021466029807925224,1.7687100599190972,2.4321100592523868,0.10558193922042847,22.210405478688177,0.00629115104675293,2.3032833616460264,0.012019182555377483,1.6964080380708106,2.3032833616460264,2.471814973980689,1.0,1.0,1.0,1.9742712320355735,T1,texture_auxiliary_loss,0.90771048504478,provisional_fixed_regions_no_frozen_model
gene_bs_nose_forward,signed,positive,nose,17,0.07477110624313354,14.578937778279577,0.008520662784576416,2.0117584115201557,0.019269641488790512,1.628565445813903,2.0117584115201557,0.10157632827758789,26.166419088695175,0.006558998022228479,2.4863402787547244,0.012693114578723907,1.7077349652544835,2.4863402787547244,2.4863402787547244,1.0,1.0,1.0,1.7963095113488157,T1,texture_auxiliary_loss,0.9103736007366654,provisional_fixed_regions_no_frozen_model
gene_bs_nose_height,signed,negative,nose,17,0.1398065686225891,26.16421151083943,0.008484188467264175,1.9927261237092038,0.01619098149240017,1.5228532995720443,1.9927261237092038,0.07388079166412354,17.971465943965782,0.00394858792424202,1.76031439329105,0.007196355145424604,1.2704837757575036,1.76031439329105,1.9927261237092038,1.0,1.0,1.0,1.6660680383470372,T1,texture_auxiliary_loss,0.8150104546792031,provisional_fixed_regions_no_frozen_model
gene_bs_nose_height,signed,positive,nose,17,0.1430094838142395,26.562915455790492,0.010352258570492268,2.511918043592839,0.021123070269823074,1.9459447965498162,2.511918043592839,0.07897478342056274,22.079081317857433,0.004141666926443577,1.8245411164597072,0.008101671002805233,1.425676229082448,1.8245411164597072,2.511918043592839,1.0,1.0,1.0,1.7639919693236932,T1,texture_auxiliary_loss,0.9150442691645834,provisional_fixed_regions_no_frozen_model
gene_bs_nose_length,signed,negative,nose,17,0.061782240867614746,11.351551332367197,0.008219992741942406,1.9494909706543802,0.01708766631782055,1.4192547072545887,1.9494909706543802,0.05460900068283081,14.37920300422486,0.004694559145718813,1.6707952979304843,0.008851524442434311,1.3354887131029725,1.6707952979304843,1.9494909706543802,1.0,0.9411764705882353,1.0,1.6342653185611147,T1,texture_auxiliary_loss,0.806120539095401,provisional_fixed_regions_no_frozen_model
gene_bs_nose_length,signed,positive,nose,17,0.07796037197113037,15.009429227138737,0.0082310251891613,1.9285917358248967,0.01648293063044548,1.4075214819700337,1.9285917358248967,0.10274213552474976,23.855732858588404,0.005539031233638525,2.1409618934583725,0.00933381263166666,1.397441720058319,2.1409618934583725,2.1409618934583725,1.0,1.0,1.0,1.5483573952568725,T1,texture_auxiliary_loss,0.8447804238298401,provisional_fixed_regions_no_frozen_model
gene_bs_nose_nostril_height,signed,negative,nose,17,0.03717309236526489,6.545191541306946,0.004166080616414547,1.0522844889547198,0.010245665907859802,0.8234546851754057,1.0522844889547198,0.014044642448425293,3.6548912046563786,0.0014167838962748647,0.669858158506983,0.0033312158193439245,0.513934131181945,0.669858158506983,1.0522844889547198,0.5294117647058824,0.4117647058823529,1.0,0.8140548546119103,T2,conditioned_region_texture_head,0.31354475849084856,provisional_fixed_regions_no_frozen_model
gene_bs_nose_nostril_height,signed,positive,nose,17,0.03156161308288574,5.382334280935325,0.004223765805363655,1.3494936586279005,0.01097723189741373,1.263162917497668,1.3494936586279005,0.010305523872375488,2.3172962320482413,0.0016348575009033084,0.8541006700400063,0.003775808960199356,0.9208760859868397,0.9208760859868397,1.3494936586279005,0.6470588235294118,0.5294117647058824,1.0,0.8086745929994877,T2,conditioned_region_texture_head,0.4339788458347214,provisional_fixed_regions_no_frozen_model
gene_bs_nose_nostril_width,signed,negative,nose,17,0.053023338317871094,9.804678296831108,0.0060196854174137115,1.6181615295781975,0.014252971857786179,1.3531630383994628,1.6181615295781975,0.012533485889434814,3.8166184295396657,0.0017013897886499763,0.9127934649240204,0.00378490355797112,0.9417323717516699,0.9417323717516699,1.6181615295781975,0.9411764705882353,0.5882352941176471,1.0,0.9408773508893791,T1,texture_auxiliary_loss,0.6912280761477526,provisional_fixed_regions_no_frozen_model
gene_bs_nose_nostril_width,signed,positive,nose,17,0.13338029384613037,25.210492262835185,0.009254000149667263,2.3058349302443943,0.018876448273658752,1.7411124364745956,2.3058349302443943,0.04283779859542847,8.481124839215964,0.0029312563128769398,1.131317648690069,0.006151167210191488,1.1064913075537137,1.131317648690069,2.3058349302443943,1.0,1.0,1.0,1.9304852098509273,T1,texture_auxiliary_loss,0.8767049922378668,provisional_fixed_regions_no_frozen_model
gene_bs_nose_profile,categorical,nose_profile_hawk,nose,17,0.016463756561279297,3.219656183185339,0.0023707160726189613,1.1386038457557015,0.005420377478003502,1.0902407745585494,1.1386038457557015,0.025136470794677734,7.0650806575329534,0.0023695817217230797,1.0297871194779873,0.003791831899434328,0.9305119747295976,1.0297871194779873,1.2035732769627783,0.6470588235294118,0.47058823529411764,1.0,0.4615474276309977,T2,conditioned_region_texture_head,0.40984477680646786,provisional_fixed_regions_no_frozen_model
gene_bs_nose_profile,categorical,nose_profile_hawk_pos,nose,17,0.04092884063720703,8.636914949153718,0.0049684797413647175,1.48488587152604,0.009392316453158855,1.1811061631883661,1.48488587152604,0.05743551254272461,13.283713963603384,0.003521022852510214,1.590353158934877,0.005407379474490881,1.259282147251745,1.590353158934877,1.590353158934877,0.9411764705882353,0.47058823529411764,1.0,0.9148702204679748,T1,texture_auxiliary_loss,0.6852629031747647,provisional_fixed_regions_no_frozen_model
gene_bs_nose_profile,categorical,nose_profile_neg,nose,17,0.03650850057601929,7.053523510483125,0.004968193359673023,1.4190155531378643,0.010690390132367611,1.18904170011887,1.4190155531378643,0.020380020141601562,6.6500513328849085,0.002281099557876587,1.2852762592956424,0.004274451639503241,1.0910915339751572,1.2852762592956424,1.4190155531378643,0.8235294117647058,0.5294117647058824,1.0,0.8528306946416065,T1,texture_auxiliary_loss,0.5663854194673986,provisional_fixed_regions_no_frozen_model
gene_bs_nose_profile,categorical,nose_profile_pos,nose,17,0.022354423999786377,4.192512735325451,0.003020872827619314,1.2025186743456504,0.006780294235795736,1.099336656538372,1.2025186743456504,0.02926582098007202,8.167073165013322,0.002853400306776166,1.3582173269242048,0.004695850890129805,1.185162737440341,1.3582173269242048,1.4392209831804739,0.6470588235294118,0.5882352941176471,1.0,0.6633680275860031,T2,conditioned_region_texture_head,0.4481742264056974,provisional_fixed_regions_no_frozen_model
gene_bs_nose_ridge_angle,signed,negative,nose,17,0.0469740629196167,8.809860501096072,0.006351711228489876,1.5971876943118628,0.015165150165557861,1.2509189744657379,1.5971876943118628,0.043137311935424805,10.234186304480218,0.003779996419325471,1.6105386412929577,0.006832688115537167,1.1740666913123337,1.6105386412929577,1.6105386412929577,1.0,0.6470588235294118,1.0,1.2286091076687522,T1,texture_auxiliary_loss,0.7326979007505885,provisional_fixed_regions_no_frozen_model
gene_bs_nose_ridge_angle,signed,positive,nose,17,0.06218677759170532,11.131398158354767,0.0058482796885073185,1.6748679395737194,0.014540248550474644,1.2628910328045502,1.6748679395737194,0.03196471929550171,7.919744431888138,0.0031212226022034883,1.313520766450257,0.006360066123306751,1.0957731029559523,1.313520766450257,1.691949448926214,1.0,0.5294117647058824,1.0,1.130774580054267,T1,texture_auxiliary_loss,0.7509881155132025,provisional_fixed_regions_no_frozen_model
gene_bs_nose_ridge_width,signed,negative,nose,17,0.021516382694244385,3.9026733919007692,0.003907077480107546,1.098239087076628,0.009409245103597641,0.8820680076303286,1.098239087076628,0.00936269760131836,2.601339334459159,0.0014378584455698729,0.6936896583989609,0.003137201303616166,0.7059243356718242,0.711866958085623,1.098239087076628,0.5882352941176471,0.35294117647058826,1.0,0.7920046709747894,T2,conditioned_region_texture_head,0.355908941978146,provisional_fixed_regions_no_frozen_model
gene_bs_nose_ridge_width,signed,positive,nose,17,0.05318152904510498,9.73257173397468,0.006206256803125143,1.480525578453049,0.014256932772696018,1.3147913104089417,1.480525578453049,0.010998845100402832,2.7173387144357513,0.0018072085222229362,0.8215705045040826,0.004145244136452675,0.8077121778349421,0.8215705045040826,1.480525578453049,1.0,0.47058823529411764,1.0,1.2031000789153452,T1,texture_auxiliary_loss,0.7025016200344426,provisional_fixed_regions_no_frozen_model
gene_bs_nose_size,signed,negative,nose,17,0.05150634050369263,9.30770794211096,0.006633796729147434,1.579543685966513,0.015918107703328133,1.3615358837081257,1.579543685966513,0.01780003309249878,5.9365326684668265,0.003036309964954853,1.2615277659916302,0.0061981771141290665,1.047519153999974,1.2615277659916302,1.579543685966513,1.0,0.6470588235294118,1.0,1.0587069228607455,T1,texture_auxiliary_loss,0.7256132316798238,provisional_fixed_regions_no_frozen_model
gene_bs_nose_size,signed,positive,nose,17,0.08577686548233032,16.692997384468747,0.00832026544958353,1.9520596207295735,0.017625974491238594,1.4731702918680794,1.9520596207295735,0.03738903999328613,10.066162350227557,0.004021708387881517,1.723523620407086,0.007841343991458416,1.2969397361929176,1.723523620407086,1.9520596207295735,1.0,0.9411764705882353,1.0,1.4846495105835478,T1,texture_auxiliary_loss,0.806651436646084,provisional_fixed_regions_no_frozen_model
gene_bs_nose_tip_angle,signed,negative,nose,17,0.045975685119628906,8.311601023250365,0.0047186012379825115,1.23653869257634,0.009594145230948925,0.8913094095417603,1.23653869257634,0.030188679695129395,8.050073986941591,0.0022956575267016888,1.104851170356499,0.004488579463213682,0.7672118656933266,1.104851170356499,1.23653869257634,0.7058823529411765,0.4117647058823529,1.0,0.8607648282727424,T2,conditioned_region_texture_head,0.45318502696271684,provisional_fixed_regions_no_frozen_model
gene_bs_nose_tip_angle,signed,positive,nose,17,0.055683791637420654,9.46429469716363,0.005514251068234444,1.4430075213956908,0.011050299741327763,1.0297958332252422,1.4430075213956908,0.020843684673309326,5.0342337239352855,0.002374804811552167,1.0199612790401456,0.004855781327933073,0.7757856821854128,1.0199612790401456,1.4430075213956908,1.0,0.5294117647058824,1.0,1.0236134073718846,T1,texture_auxiliary_loss,0.6935434428584102,provisional_fixed_regions_no_frozen_model
gene_bs_nose_tip_forward,signed,negative,nose,17,0.023459017276763916,3.9438874350378232,0.004197936505079269,1.3081578660572803,0.008467866107821465,1.2110258379346353,1.3081578660572803,0.01994723081588745,5.672413589643738,0.00202634884044528,1.139714707575341,0.003939904272556305,1.0997515388482604,1.139714707575341,1.3081578660572803,0.7647058823529411,0.47058823529411764,1.0,0.6870421582137436,T2,conditioned_region_texture_head,0.5049680284552978,provisional_fixed_regions_no_frozen_model
gene_bs_nose_tip_forward,signed,positive,nose,17,0.01746457815170288,3.5524720739833224,0.003259503049775958,1.1786766413681184,0.006916525773704052,1.0576658602737468,1.1786766413681184,0.030099034309387207,7.682390129749202,0.002748167375102639,1.4049741635597701,0.004634676035493612,1.0951244922576249,1.4049741635597701,1.4049741635597701,0.8235294117647058,0.4117647058823529,1.0,0.6433253429662007,T1,texture_auxiliary_loss,0.5635762149069977,provisional_fixed_regions_no_frozen_model
gene_bs_nose_tip_width,signed,negative,nose,17,0.026490092277526855,4.839680781256463,0.0035578745882958174,1.3100644284462095,0.007902014069259167,1.2185781204594752,1.3100644284462095,0.007100045680999756,1.9435555665711661,0.0011651304084807634,0.781702724200583,0.0023969984613358974,0.8306883391924202,0.8306883391924202,1.3100644284462095,0.7058823529411765,0.4117647058823529,1.0,0.5953142046341745,T2,conditioned_region_texture_head,0.46646388455022103,provisional_fixed_regions_no_frozen_model
gene_bs_nose_tip_width,signed,positive,nose,17,0.021096110343933105,4.387706165932557,0.0034511093981564045,1.0975027085558553,0.007409996353089809,0.8965943673440893,1.0975027085558553,0.012884318828582764,3.581891833662289,0.0018903739983215928,0.9459573193453252,0.0037663308903574944,0.8113889371869956,0.9833793409514195,1.0975027085558553,0.5294117647058824,0.4117647058823529,1.0,0.6482460425977061,T2,conditioned_region_texture_head,0.3202106418041029,provisional_fixed_regions_no_frozen_model
gene_chin_forward,signed,negative,chin,17,0.11195313930511475,12.951187328814386,0.005614205729216337,1.367016615352188,0.011210641823709011,0.9671146536100955,1.367016615352188,0.11977267265319824,13.27446604744514,0.005249274428933859,1.3572916956735788,0.009701889008283615,1.0997726574802065,1.3572916956735788,1.367016615352188,0.8235294117647058,0.6470588235294118,1.0,0.6724994872302017,T1,texture_auxiliary_loss,0.5559111483454029,provisional_fixed_regions_no_frozen_model
gene_chin_forward,signed,positive,chin,17,0.11195313930511475,12.951187328814386,0.005737672559916973,1.4439222408391255,0.011210641823709011,1.1357478991074166,1.4439222408391255,0.11977267265319824,13.27446604744514,0.005368163343518972,1.373634215037273,0.009701889008283615,1.1505661794933697,1.373634215037273,1.466981865246605,0.8823529411764706,0.5882352941176471,1.0,0.6724994872302017,T1,texture_auxiliary_loss,0.6170126711094939,provisional_fixed_regions_no_frozen_model
gene_chin_height,signed,negative,chin,17,0.2249959111213684,28.035636875177882,0.007258950732648373,1.6503947687181564,0.013578175567090511,1.2118173284374647,1.6503947687181564,0.1471455693244934,15.464650548483736,0.005771125666797161,1.4261869412406396,0.010204015299677849,1.1486694271526845,1.4261869412406396,1.6503947687181564,1.0,0.8235294117647058,1.0,1.0869184377397294,T1,texture_auxiliary_loss,0.7417085610755203,provisional_fixed_regions_no_frozen_model
gene_chin_height,signed,positive,chin,17,0.2249959111213684,28.035636875177882,0.0066223605535924435,1.514921165332839,0.013225621543824673,1.1804388154635195,1.514921165332839,0.14540421962738037,15.464650548483736,0.005514104384928942,1.3950732450822803,0.010120544582605362,0.977922301362684,1.3950732450822803,1.514921165332839,0.9411764705882353,0.7647058823529411,1.0,0.8997788857766785,T1,texture_auxiliary_loss,0.6688141464887619,provisional_fixed_regions_no_frozen_model
gene_chin_width,signed,negative,chin,17,0.12444049119949341,16.792747939281135,0.00694276811555028,1.6808767891909495,0.015413436107337475,1.311679549802273,1.6808767891909495,0.07416480779647827,8.44178169709373,0.00545430788770318,1.4563395468932432,0.013647431507706642,1.3991984425928896,1.4834461298323949,1.6808767891909495,0.9411764705882353,0.6470588235294118,1.0,0.8605667175240158,T1,texture_auxiliary_loss,0.7044957443352555,provisional_fixed_regions_no_frozen_model
gene_chin_width,signed,positive,chin,17,0.12594085931777954,16.805232736479077,0.00694276811555028,1.7051621139961395,0.015413436107337475,1.437841304761422,1.7051621139961395,0.07416480779647827,8.44178169709373,0.00545430788770318,1.4563395468932432,0.013647431507706642,1.4105901809362238,1.4834461298323949,1.7051621139961395,0.8823529411764706,0.6470588235294118,1.0,0.829286114249513,T1,texture_auxiliary_loss,0.66521885086727,provisional_fixed_regions_no_frozen_model
gene_eye_angle,signed,negative,eyes,17,0.16454166173934937,31.991387288460405,0.009469158947467804,2.662646049512549,0.020368317142128944,1.9561968136408234,2.662646049512549,0.12771958112716675,24.116992980170423,0.006862265057861805,2.398060392545999,0.01368795521557331,1.7835485059877343,2.398060392545999,2.662646049512549,1.0,1.0,1.0,1.613187110965499,T1,texture_auxiliary_loss,0.9420980220607883,provisional_fixed_regions_no_frozen_model
gene_eye_angle,signed,positive,eyes,17,0.16484183073043823,31.82440538325632,0.00966706220060587,2.574558468770114,0.02083677053451538,2.1306321088886997,2.574558468770114,0.13212966918945312,25.434819654154992,0.00706895999610424,2.5487970485409916,0.01368795521557331,1.7606335776373294,2.5487970485409916,2.5749788089161036,1.0,1.0,1.0,1.6101988530403106,T1,texture_auxiliary_loss,0.9264589951199682,provisional_fixed_regions_no_frozen_model
gene_eye_depth,signed,negative,eyes,17,0.08581465482711792,16.741490896513476,0.007729509379714727,2.2547534506459725,0.016142303124070168,1.7694218660205838,2.2547534506459725,0.12765634059906006,22.36025029289067,0.007848352193832397,2.748688099719104,0.014314619824290276,1.8984084726176482,2.748688099719104,2.748688099719104,1.0,1.0,1.0,1.5156661958257474,T1,texture_auxiliary_loss,0.9571987079875498,provisional_fixed_regions_no_frozen_model
gene_eye_depth,signed,positive,eyes,17,0.08581465482711792,16.519330302473197,0.0075839064083993435,2.2048762816076968,0.015142741613090038,1.6599499526682644,2.2048762816076968,0.12765634059906006,22.212564060375374,0.007848352193832397,2.66526508127989,0.014314619824290276,1.8677898607681809,2.66526508127989,2.66526508127989,1.0,0.9411764705882353,1.0,1.2604124764848081,T1,texture_auxiliary_loss,0.942561241384327,provisional_fixed_regions_no_frozen_model
gene_eye_distance,signed,negative,eyes,17,0.29427385330200195,63.0138881531592,0.016228439286351204,4.3089270931837875,0.032435398548841476,2.8246932088809764,4.3089270931837875,0.15957790613174438,30.598333398450723,0.009447815828025341,3.1566118323160333,0.019059212878346443,2.412749925773118,3.1566118323160333,4.3089270931837875,1.0,1.0,1.0,2.7108839165173175,T1,texture_auxiliary_loss,1.0,provisional_fixed_regions_no_frozen_model
gene_eye_distance,signed,positive,eyes,17,0.2938910722732544,63.173192156325086,0.016104508191347122,4.220383901261265,0.032435398548841476,2.7518514379065033,4.220383901261265,0.1600925326347351,30.493063347477566,0.009447815828025341,3.1329991903967547,0.01892797462642193,2.3254498614863626,3.1329991903967547,4.220383901261265,1.0,1.0,1.0,2.7108839165173175,T1,texture_auxiliary_loss,1.0,provisional_fixed_regions_no_frozen_model
gene_eye_height,signed,negative,eyes,17,0.5288107097148895,110.58137672511306,0.021196305751800537,5.569186368265269,0.03650856390595436,3.2367908532943916,5.569186368265269,0.36442476511001587,66.39942858117654,0.014792014844715595,4.950705494175053,0.025465866550803185,3.1082604350632645,4.950705494175053,5.569186368265269,1.0,1.0,1.0,3.5029256755681866,T1,texture_auxiliary_loss,1.0,provisional_fixed_regions_no_frozen_model
gene_eye_height,signed,positive,eyes,17,0.5288107097148895,110.58137672511306,0.021196305751800537,5.625824953276902,0.03650856390595436,3.217480695331442,5.625824953276902,0.3651094436645508,66.39942858117654,0.01497934851795435,4.983384434738931,0.025798076763749123,3.1082604350632645,4.983384434738931,5.625824953276902,1.0,1.0,1.0,3.5602441659081827,T1,texture_auxiliary_loss,1.0,provisional_fixed_regions_no_frozen_model
gene_eye_shut,signed,negative,eyes,17,0.0655282735824585,18.351432283957738,0.00635527865961194,1.8462128672296925,0.013851931318640709,1.507220440405327,1.8462128672296925,0.03957247734069824,9.863413071865933,0.0035998253151774406,1.3864736372441322,0.007776118349283934,1.2501939789919427,1.3864736372441322,1.8462128672296925,1.0,0.8235294117647058,1.0,1.0392910675323097,T1,texture_auxiliary_loss,0.7844770800199099,provisional_fixed_regions_no_frozen_model
gene_eye_shut,signed,positive,eyes,17,0.06259608268737793,18.351432283957738,0.00635527865961194,1.647171501694161,0.013851931318640709,1.2371652659367331,1.647171501694161,0.03957247734069824,9.863413071865933,0.003566638333722949,1.2098748435812292,0.007581544574350119,0.920859351603677,1.2098748435812292,1.647171501694161,1.0,0.8823529411764706,1.0,1.2950553161875284,T1,texture_auxiliary_loss,0.7409839183352004,provisional_fixed_regions_no_frozen_model
gene_forehead_angle,signed,negative,forehead,17,0.3348928689956665,47.51711943767437,0.017977135255932808,5.218379338189961,0.030855096876621246,3.2175049036333943,5.218379338189961,0.2598015069961548,34.35813550900027,0.011919251643121243,3.9225744468119204,0.021938925608992577,2.483981786407316,3.9225744468119204,5.218379338189961,1.0,1.0,1.0,3.295694765315836,T1,texture_auxiliary_loss,1.0,provisional_fixed_regions_no_frozen_model
gene_forehead_angle,signed,positive,forehead,17,0.3348928689956665,47.51711943767437,0.017977135255932808,5.227380660281028,0.030493587255477905,3.222756175717365,5.227380660281028,0.2598015069961548,34.30963982881049,0.011915589682757854,3.8907947925700967,0.02165362238883972,2.483981786407316,3.8907947925700967,5.227380660281028,1.0,1.0,1.0,3.3023142307146487,T1,texture_auxiliary_loss,1.0,provisional_fixed_regions_no_frozen_model
gene_forehead_brow_height,signed,negative,eyes,17,0.42331916093826294,88.6326666064234,0.015104633755981922,3.9038873984005233,0.02289496921002865,2.029287370081264,3.9038873984005233,0.2577657699584961,47.770316038813974,0.010752493515610695,3.765252349366797,0.017170250415802002,2.0715957603407547,3.765252349366797,3.9038873984005233,1.0,1.0,1.0,2.908559061431374,T1,texture_auxiliary_loss,1.0,provisional_fixed_regions_no_frozen_model
gene_forehead_brow_height,signed,positive,eyes,17,0.4392598271369934,95.50605023314363,0.015161804854869843,3.9733369292170226,0.02396838366985321,2.1813022624513816,3.9733369292170226,0.2658514976501465,48.14794190371309,0.01117017026990652,3.854881764159224,0.017282679677009583,2.177300232894652,3.854881764159224,3.9733369292170226,1.0,1.0,1.0,3.0715599768007555,T1,texture_auxiliary_loss,1.0,provisional_fixed_regions_no_frozen_model
gene_forehead_height,signed,negative,forehead,17,0.18371576070785522,21.70693484597029,0.00897237379103899,2.503814964639488,0.02009367011487484,1.9358207960238556,2.503814964639488,0.11010903120040894,11.555452257681889,0.00686380872502923,1.9978350913664809,0.015066687949001789,1.6634290975513195,1.9978350913664809,2.503814964639488,1.0,1.0,1.0,1.9476826316074687,T1,texture_auxiliary_loss,0.9135671777232163,provisional_fixed_regions_no_frozen_model
gene_forehead_height,signed,positive,forehead,17,0.18333226442337036,21.716653043025936,0.009100488387048244,2.542418343075944,0.02009367011487484,1.9493287071233436,2.542418343075944,0.11126428842544556,11.688540881914502,0.006896010134369135,2.1394273142615856,0.015066687949001789,1.765644253994098,2.1394273142615856,2.542418343075944,1.0,1.0,1.0,1.918444482985476,T1,texture_auxiliary_loss,0.9205828485396167,provisional_fixed_regions_no_frozen_model
gene_forehead_roundness,signed,negative,forehead,17,0.14043200016021729,21.61258299080502,0.00931825116276741,3.027144794303355,0.021013755351305008,2.5011420044967076,3.027144794303355,0.11716341972351074,15.983738599387692,0.007032288238406181,2.3115329697867923,0.013640311546623707,1.7244064436093454,2.3115329697867923,3.027144794303355,1.0,1.0,1.0,1.9853127174020924,T1,texture_auxiliary_loss,1.0,provisional_fixed_regions_no_frozen_model
gene_forehead_roundness,signed,positive,forehead,17,0.14043200016021729,21.42787100977363,0.00931825116276741,3.027144794303355,0.020036594942212105,2.3727379385233416,3.027144794303355,0.11688488721847534,15.983738599387692,0.006960785016417503,2.3115329697867923,0.014015202410519123,1.6695793995767156,2.3115329697867923,3.027144794303355,1.0,1.0,1.0,1.9068727162396442,T1,texture_auxiliary_loss,1.0,provisional_fixed_regions_no_frozen_model
gene_forehead_width,signed,negative,forehead,17,0.13474076986312866,19.09346643217491,0.006792988628149033,1.9161140108847248,0.016568636521697044,1.6562283559254913,1.9161140108847248,0.08050686120986938,10.27779024476253,0.005239971913397312,1.7330320947272413,0.011493511497974396,1.3856840192383084,1.7330320947272413,1.9161140108847248,1.0,1.0,1.0,1.4544763704734063,T1,texture_auxiliary_loss,0.7991900088808095,provisional_fixed_regions_no_frozen_model
gene_forehead_width,signed,positive,forehead,17,0.13474076986312866,19.22421209944432,0.007319745607674122,2.067694455368399,0.01707383617758751,1.8716368232184726,2.067694455368399,0.08050686120986938,10.27779024476253,0.005283202975988388,1.7544426147725136,0.011708171106874943,1.3856840192383084,1.7544426147725136,2.067694455368399,1.0,1.0,1.0,1.5812107632372114,T1,texture_auxiliary_loss,0.830199665817085,provisional_fixed_regions_no_frozen_model
gene_head_height,signed,negative,head,17,0.41265684366226196,70.55014624088747,0.016113722696900368,5.290638179145507,0.02814375050365925,3.425310619690059,5.290638179145507,0.32351624965667725,43.49495292647185,0.01247536949813366,3.960835461060151,0.023142945021390915,2.724828506776484,3.960835461060151,5.290638179145507,1.0,1.0,1.0,3.317343254378714,T1,texture_auxiliary_loss,1.0,provisional_fixed_regions_no_frozen_model
gene_head_height,signed,positive,head,17,0.41265684366226196,70.48098254220614,0.01602238602936268,5.287833667509248,0.028000393882393837,3.3731458885262913,5.287833667509248,0.32360923290252686,43.48557564770057,0.012464694678783417,3.9333391500066206,0.023160595446825027,2.6594752551512983,3.9333391500066206,5.287833667509248,1.0,1.0,1.0,3.317343254378714,T1,texture_auxiliary_loss,1.0,provisional_fixed_regions_no_frozen_model
gene_head_profile,signed,negative,head,17,0.15043067932128906,24.051800746696486,0.009830472059547901,2.9806412471294115,0.02027798444032669,2.374516210576407,2.9806412471294115,0.19487768411636353,24.072091532111628,0.009136485867202282,2.6558222305827046,0.018029067665338516,2.070617975561938,2.6558222305827046,2.9806412471294115,1.0,1.0,1.0,2.0697766405035414,T1,texture_auxiliary_loss,0.9967683193081883,provisional_fixed_regions_no_frozen_model
gene_head_profile,signed,positive,head,17,0.15043067932128906,23.985866003794634,0.009674567729234695,2.9706007084926815,0.02027798444032669,2.352933802798654,2.9706007084926815,0.19487768411636353,24.12134692271025,0.009161959402263165,2.6407978610944567,0.01845790073275566,2.0663459477381485,2.6407978610944567,2.9706007084926815,1.0,1.0,1.0,2.0552893666683665,T1,texture_auxiliary_loss,0.9950880544777065,provisional_fixed_regions_no_frozen_model
gene_head_top_height,signed,negative,head,17,0.18182992935180664,27.482097392233726,0.007669100537896156,2.2655081483929917,0.012793567962944508,1.639411207662093,2.2655081483929917,0.1399875283241272,18.09310568481074,0.005986632779240608,1.7668866603520632,0.010201562196016312,1.2721004968669596,1.7668866603520632,2.2655081483929917,1.0,1.0,1.0,1.7166299575554789,T1,texture_auxiliary_loss,0.86900482323038,provisional_fixed_regions_no_frozen_model
gene_head_top_height,signed,positive,head,17,0.18008548021316528,27.593101238415134,0.007669100537896156,2.4583075224591404,0.012587187811732292,1.5347856155872481,2.4583075224591404,0.13870781660079956,18.223071478307435,0.005768994800746441,1.8680654303829747,0.010117744095623493,1.1974364750272821,1.8680654303829747,2.4583075224591404,1.0,1.0,1.0,1.4915002996938047,T1,texture_auxiliary_loss,0.9052269554204146,provisional_fixed_regions_no_frozen_model
gene_head_top_width,signed,negative,head,17,0.1015472412109375,17.18986131429455,0.005206947680562735,1.8384524699680291,0.00916451495140791,1.4140908512210009,1.8384524699680291,0.04531317949295044,5.5045083165025765,0.002774046501144767,1.0590392962900408,0.005905026104301214,0.8505193355681933,1.0590392962900408,1.8384524699680291,1.0,0.8235294117647058,1.0,1.1425358152876977,T1,texture_auxiliary_loss,0.7828266027603706,provisional_fixed_regions_no_frozen_model
gene_head_top_width,signed,positive,head,17,0.10269486904144287,17.18986131429455,0.005206978414207697,1.9144070822022932,0.009323572739958763,1.4140908512210009,1.9144070822022932,0.04569590091705322,5.720814556497899,0.002776949666440487,1.0590392962900408,0.006149420980364084,0.8203977267852914,1.0590392962900408,1.9144070822022932,1.0,0.7647058823529411,1.0,1.1425358152876977,T1,texture_auxiliary_loss,0.7988339590099003,provisional_fixed_regions_no_frozen_model
gene_head_width,signed,negative,head,17,0.2312629222869873,35.609210770126936,0.012228332459926605,3.7345038685260956,0.023540358990430832,2.851042372777254,3.7345038685260956,0.1306694746017456,16.21360289445338,0.006762544624507427,1.976248658671224,0.015700308606028557,1.8010385545076701,1.976248658671224,3.7345038685260956,1.0,1.0,1.0,2.1936407987103332,T1,texture_auxiliary_loss,1.0,provisional_fixed_regions_no_frozen_model
gene_head_width,signed,positive,head,17,0.2312629222869873,35.57007899572496,0.012228332459926605,3.7345038685260956,0.023540358990430832,2.8205141866767853,3.7345038685260956,0.13128280639648438,16.17546040176704,0.006762544624507427,1.976248658671224,0.015700308606028557,1.8010385545076701,1.976248658671224,3.7345038685260956,1.0,1.0,1.0,2.1936407987103332,T1,texture_auxiliary_loss,1.0,provisional_fixed_regions_no_frozen_model
gene_jaw_angle,signed,negative,jaw,17,0.12049984931945801,20.398024300041985,0.005311714485287666,1.7409506002693813,0.009653485380113125,1.2883478952726088,1.7409506002693813,0.16912490129470825,26.087501465534185,0.005682796705514193,1.8398175922738982,0.011810900643467903,1.3972241299816535,1.8398175922738982,1.8398175922738982,0.9411764705882353,0.8823529411764706,1.0,0.8804894653418344,T1,texture_auxiliary_loss,0.7370514714295523,provisional_fixed_regions_no_frozen_model
gene_jaw_angle,signed,positive,jaw,17,0.12039214372634888,20.61862770557883,0.005311714485287666,1.9069505124271062,0.010222790762782097,1.4505647334231737,1.9069505124271062,0.16912490129470825,26.087501465534185,0.005682796705514193,2.094856138977657,0.011810900643467903,1.5244081939275758,2.094856138977657,2.1366318202304497,0.9411764705882353,0.9411764705882353,1.0,0.8804894653418344,T1,texture_auxiliary_loss,0.7942830227068417,provisional_fixed_regions_no_frozen_model
gene_jaw_forward,signed,negative,jaw,17,0.06424617767333984,10.39709364029717,0.005331902764737606,1.6343129538211587,0.012353944592177868,1.4810122781257427,1.6343129538211587,0.20887506008148193,28.27378222975654,0.007505490910261869,2.216538194680664,0.015864303335547447,1.7643665720296013,2.216538194680664,2.216538194680664,1.0,0.9411764705882353,1.0,1.1930329496445247,T1,texture_auxiliary_loss,0.8595615538712481,provisional_fixed_regions_no_frozen_model
gene_jaw_forward,signed,positive,jaw,17,0.06424617767333984,10.39709364029717,0.005274600815027952,1.632199011434791,0.012088218703866005,1.549447140142938,1.632199011434791,0.20887506008148193,28.183918385705233,0.007324399426579475,2.19559886603425,0.015353626571595669,1.8503507701015123,2.19559886603425,2.19559886603425,1.0,0.9411764705882353,1.0,1.3315916312426546,T1,texture_auxiliary_loss,0.8554918402171252,provisional_fixed_regions_no_frozen_model
gene_jaw_height,signed,negative,jaw,17,0.17826199531555176,27.900377423563267,0.005890090949833393,1.874365328402008,0.01001017540693283,1.2780781338342353,1.874365328402008,0.2024613618850708,28.429377107292126,0.006375062745064497,1.8826976458796614,0.012159699574112892,1.4416018066577108,1.8826976458796614,1.9687335678980071,1.0,0.8823529411764706,1.0,1.0450859509006554,T1,texture_auxiliary_loss,0.8100892065894157,provisional_fixed_regions_no_frozen_model
gene_jaw_height,signed,positive,jaw,17,0.17826199531555176,27.900377423563267,0.005994864273816347,1.9426037412010952,0.010639343410730362,1.363862426337876,1.9426037412010952,0.2024613618850708,28.429377107292126,0.0065522813238203526,1.938385255259734,0.013269251212477684,1.519720510044549,1.938385255259734,2.0357714997383947,1.0,0.8823529411764706,1.0,1.0276082301223586,T1,texture_auxiliary_loss,0.8237660468317435,provisional_fixed_regions_no_frozen_model
gene_jaw_width,signed,negative,jaw,17,0.11659950017929077,20.312261600863852,0.006411330308765173,1.8751014003519064,0.011450369842350483,1.570881098155347,1.8751014003519064,0.08371710777282715,11.992554877735856,0.0044161481782794,1.3896230578094253,0.011338073760271072,1.2684680269590483,1.3896230578094253,1.8751014003519064,1.0,0.9411764705882353,1.0,1.062839528660435,T1,texture_auxiliary_loss,0.7905907918242547,provisional_fixed_regions_no_frozen_model
gene_jaw_width,signed,positive,jaw,17,0.11764127016067505,20.513189852818535,0.006411330308765173,2.10416356944805,0.011797314509749413,1.5458876275327404,2.10416356944805,0.08279383182525635,12.061331718916177,0.004642688203603029,1.4282346221457922,0.011338073760271072,1.2684680269590483,1.4282346221457922,2.10416356944805,1.0,0.9411764705882353,1.0,1.0435129840018564,T1,texture_auxiliary_loss,0.8374890187236388,provisional_fixed_regions_no_frozen_model
gene_mouth_corner_depth,signed,negative,mouth,17,0.05159115791320801,5.554853836554098,0.005386670585721731,1.3325128346880042,0.012205174192786217,1.0378769169614963,1.3325128346880042,0.05562865734100342,6.47512612156245,0.003744668560102582,1.276458398068594,0.008548739366233349,1.1211406562998614,1.276458398068594,1.346235646974827,0.9411764705882353,0.47058823529411764,1.0,0.9464201369765096,T1,texture_auxiliary_loss,0.6304795099654099,provisional_fixed_regions_no_frozen_model
gene_mouth_corner_depth,signed,positive,mouth,17,0.05159115791320801,5.615434392894663,0.005386670585721731,1.4423925310397936,0.012205174192786217,1.2758009686552028,1.4423925310397936,0.05795246362686157,6.931095281893687,0.00371817615814507,1.4177154044952223,0.008076082915067673,1.3796893322190389,1.4177154044952223,1.4514628690883133,0.8235294117647058,0.47058823529411764,1.0,0.8408397799170859,T1,texture_auxiliary_loss,0.5728243251027514,provisional_fixed_regions_no_frozen_model
gene_mouth_corner_height,signed,negative,mouth,17,0.19296520948410034,22.74188698574565,0.010258384980261326,2.3714138533765197,0.022016087546944618,1.7979457435414818,2.3714138533765197,0.09200793504714966,12.08688673756479,0.005174825433641672,1.695064041075488,0.010323705151677132,1.453214434323916,1.695064041075488,2.3714138533765197,1.0,1.0,1.0,1.9134717031468527,T1,texture_auxiliary_loss,0.8890845204247119,provisional_fixed_regions_no_frozen_model
gene_mouth_corner_height,signed,positive,mouth,17,0.19214791059494019,22.74188698574565,0.010015042498707771,2.2393018566727374,0.020964253693819046,1.735263877675599,2.2393018566727374,0.09200793504714966,11.654738920546778,0.004850760102272034,1.650544430773536,0.010228757746517658,1.3619185362307322,1.650544430773536,2.2393018566727374,1.0,1.0,1.0,1.6945723702125601,T1,texture_auxiliary_loss,0.863964091976192,provisional_fixed_regions_no_frozen_model
gene_mouth_forward,signed,negative,mouth,17,0.130001962184906,14.833116974557205,0.00943567231297493,2.245543702581473,0.022327305749058723,1.8330152314934884,2.245543702581473,0.12109982967376709,16.267723605815466,0.006369786337018013,2.100099252598623,0.014011867344379425,1.656388203762081,2.100099252598623,2.245543702581473,1.0,1.0,1.0,1.6327900614016988,T1,texture_auxiliary_loss,0.8651673638823634,provisional_fixed_regions_no_frozen_model
gene_mouth_forward,signed,positive,mouth,17,0.13224482536315918,14.767662170674912,0.00979248434305191,2.2346281457826183,0.021688904613256454,1.8336608930011384,2.2346281457826183,0.12402969598770142,17.214254287506737,0.0063422988168895245,2.135792058820862,0.012505187653005123,1.6378898159184214,2.135792058820862,2.2346281457826183,1.0,1.0,1.0,1.6327900614016988,T1,texture_auxiliary_loss,0.8630620189732636,provisional_fixed_regions_no_frozen_model
gene_mouth_height,signed,negative,mouth,17,0.2666134238243103,33.42347989122041,0.0130423903465271,3.0460774429475985,0.024559464305639267,2.13749927653335,3.0460774429475985,0.11880546808242798,18.261762751242575,0.0059366729110479355,2.0017398748789454,0.012190950103104115,1.4591791401222078,2.0017398748789454,3.0460774429475985,1.0,1.0,1.0,2.2786103009188703,T1,texture_auxiliary_loss,1.0,provisional_fixed_regions_no_frozen_model
gene_mouth_height,signed,positive,mouth,17,0.2659614086151123,33.42347989122041,0.013040244579315186,3.037297316754939,0.024559464305639267,2.039153067079577,3.037297316754939,0.11880546808242798,18.263329360975952,0.0059366729110479355,1.9120152312956462,0.012190950103104115,1.424105151635545,1.9120152312956462,3.037297316754939,1.0,1.0,1.0,2.2786103009188703,T1,texture_auxiliary_loss,1.0,provisional_fixed_regions_no_frozen_model
gene_mouth_lower_lip_size,signed,negative,mouth,17,0.139958918094635,17.393552161331353,0.009372900240123272,2.191998272869419,0.01922997273504734,1.6822555019720982,2.191998272869419,0.07250785827636719,9.203605567080702,0.00462978845462203,1.7078079179717374,0.009401085786521435,1.1168164481525626,1.7078079179717374,2.191998272869419,1.0,1.0,1.0,1.6869123816623044,T1,texture_auxiliary_loss,0.8547900859020727,provisional_fixed_regions_no_frozen_model
gene_mouth_lower_lip_size,signed,positive,mouth,17,0.139958918094635,17.330478333257116,0.00938705075532198,2.2182116565517296,0.020612139254808426,1.7050502106006251,2.2182116565517296,0.07250785827636719,9.190570191752046,0.004622307606041431,1.5482875346326213,0.009401085786521435,1.2789736530822875,1.5482875346326213,2.2182116565517296,1.0,1.0,1.0,1.6869123816623044,T1,texture_auxiliary_loss,0.8598859723924116,provisional_fixed_regions_no_frozen_model
gene_mouth_open,signed,negative,mouth,17,0.13250476121902466,17.384879167456837,0.011719396337866783,2.7204213787986267,0.028774965554475784,2.2771293181398664,2.7204213787986267,0.08518880605697632,13.683159041545519,0.007491871248930693,2.2098153542725267,0.018492575734853745,2.238374127989322,2.2855822928818568,2.7204213787986267,1.0,0.0,1.0,2.136140277948157,T1,texture_auxiliary_loss,0.9522642103251644,provisional_fixed_regions_no_frozen_model
gene_mouth_open,signed,positive,mouth,17,0.13251125812530518,17.385731574039138,0.011606413871049881,2.7246022539568453,0.028774965554475784,2.294026078863074,2.7246022539568453,0.08518880605697632,13.599547558411459,0.007189067080616951,2.3420855009645813,0.019222022965550423,2.143222449338126,2.3420855009645813,2.7246022539568453,1.0,0.0,1.0,2.136140277948157,T1,texture_auxiliary_loss,0.9529956722456553,provisional_fixed_regions_no_frozen_model
gene_mouth_upper_lip_size,signed,negative,mouth,17,0.140697181224823,18.47335074164951,0.009004765190184116,2.0783765583272364,0.019023943692445755,1.6439247249924513,2.0783765583272364,0.061753809452056885,8.195146661855427,0.003995824605226517,1.5002983070390103,0.007853377610445023,1.0518980267514237,1.5002983070390103,2.0783765583272364,1.0,1.0,1.0,1.6602708157246577,T1,texture_auxiliary_loss,0.8323413879587382,provisional_fixed_regions_no_frozen_model
gene_mouth_upper_lip_size,signed,positive,mouth,17,0.13912206888198853,18.502773120316157,0.009253750555217266,2.282588112609604,0.01977825164794922,1.7450774378453153,2.282588112609604,0.062040746212005615,8.27429618269758,0.004144011065363884,1.6119999423024778,0.009206731803715229,1.231154731916992,1.6119999423024778,2.282588112609604,1.0,1.0,1.0,1.6493393637917284,T1,texture_auxiliary_loss,0.8722744431675167,provisional_fixed_regions_no_frozen_model
gene_mouth_width,signed,negative,mouth,17,0.2624235153198242,32.606843104402216,0.013676030561327934,3.09469547144678,0.031109338626265526,2.464512550086612,3.09469547144678,0.15695679187774658,20.336014211662167,0.007494103629142046,2.348038304383637,0.0179440900683403,2.0495998730036264,2.348038304383637,3.09469547144678,1.0,1.0,1.0,2.554101585811411,T1,texture_auxiliary_loss,1.0,provisional_fixed_regions_no_frozen_model
gene_mouth_width,signed,positive,mouth,17,0.2624235153198242,32.57043204892345,0.013676030561327934,3.0667529831626688,0.031109338626265526,2.464512550086612,3.0667529831626688,0.15613991022109985,20.336014211662167,0.007494103629142046,2.232822914181683,0.0179440900683403,2.0495998730036264,2.232822914181683,3.0667529831626688,1.0,1.0,1.0,2.505804226556706,T1,texture_auxiliary_loss,1.0,provisional_fixed_regions_no_frozen_model
gene_neck_length,signed,negative,neck,17,0.4679999351501465,55.80696451515903,0.020951729267835617,5.805555756437311,0.03603406250476837,3.8184707506806546,5.805555756437311,0.42455923557281494,53.09681221911583,0.017736678943037987,5.541593087779978,0.03282378241419792,3.5891609289898265,5.541593087779978,5.853847670228974,1.0,1.0,1.0,4.459285721860886,T1,texture_auxiliary_loss,1.0,provisional_fixed_regions_no_frozen_model
gene_neck_length,signed,positive,neck,17,0.4681013226509094,55.80696451515903,0.020951729267835617,5.795705803639568,0.035862285643815994,3.8143637653097193,5.795705803639568,0.42455923557281494,53.09681221911583,0.017736678943037987,5.531671923213536,0.03271981328725815,3.5891609289898265,5.531671923213536,5.860954138569491,1.0,1.0,1.0,4.43231714749249,T1,texture_auxiliary_loss,1.0,provisional_fixed_regions_no_frozen_model
gene_neck_width,signed,negative,neck,17,0.2789173126220703,32.412405556387924,0.012934558093547821,3.6022464092507036,0.023168349638581276,2.380748318611112,3.6022464092507036,0.13161683082580566,16.74659290300567,0.005334721878170967,1.6144569132476247,0.011403637938201427,1.3245081323978662,1.6144569132476247,3.6022464092507036,1.0,1.0,1.0,2.490447440317065,T1,texture_auxiliary_loss,1.0,provisional_fixed_regions_no_frozen_model
gene_neck_width,signed,positive,neck,17,0.2791332006454468,32.27020886906163,0.01304613146930933,3.6166623862626617,0.023163268342614174,2.37986103502816,3.6166623862626617,0.13161683082580566,16.670666675222837,0.005328798666596413,1.6144569132476247,0.011403637938201427,1.3245081323978662,1.6144569132476247,3.6166623862626617,1.0,1.0,1.0,2.490447440317065,T1,texture_auxiliary_loss,1.0,provisional_fixed_regions_no_frozen_model
